|CET||1||CH||Aarau Torfeld|Aarau Torfeld|||0000000|472328N|29|080305E||||NVS|8569685|UIC
|CET||2||RU||Abganerowo|Abganerowo|||0000000|000000N|29|000000E||||NVS|2070103|UIC
|CET||2||DE||Achalmstraße, Holzge|Achalmstraße, Holzge|||0000000|000000N|29|000000E||||NVS|363244|UIC
|CET||2||DE||Ahlbeck|Ahlbeck|||0000000|000000N|29|000000E||||NVS|9000102|UIC
|CET||1||AT||Aisthofen Ortsmitte|Aisthofen Ortsmitte|||0000000|000000N|29|000000E||||NVS|8171025|UIC
|CET||1||KZ||Ajke|Ajke|||0000000|000000N|29|000000E||||NVS|2750699|UIC
|CET||1||KZ||Ajteke Bi|Ajteke Bi|||0000000|502530N|29|602910E||||NVS|2750698|UIC
|CET||1||KZ||Akkudik 1|Akkudik 1|||0000000|000000N|29|000000E||||NVS|2750697|UIC
|CET||1||KZ||Aksengir|Aksengir|||0000000|432027N|29|765656E||||NVS|2785736|UIC
|CET||2||DE||Alter Friedhof, Bruc|Alter Friedhof, Bruc|||0000000|504330N|29|070411E||||NVS|509365|UIC
|CET||1||KZ||Altinsarin|Altinsarin|||0000000|431335N|29|765146E||||NVS|2750701|UIC
|CET||2||DE||Amsterdam|Amsterdam|||0000000|000000N|29|000000E||||NVS|8006831|UIC
|CET||2||DE||Anderten, Hannover|Anderten, Hannover|||0000000|522209N|29|095139E||||NVS|635114|UIC
|CET||2||BE||Antwerpen-Centraa|Antwerpen-Centraa|||8000061|511301N|29|042516E||||NVS|8821006|UIC
|CET||2||RU||Apetenok|Apetenok|||0000000|543222N|29|1284124E||||NVS|2021064|UIC
|CET||1||AT||Arbing Bundesstraße|Arbing Bundesstraße|||0000000|481336N|29|144204E||||NVS|8171058|UIC
|CET||1||KZ||Arka|Arka|||0000000|494620N|29|730835E||||NVS|2750702|UIC
|CET||2||DE||Arnhem(Gem)|Arnhem(Gem)|||0000000|000000N|29|000000E||||NVS|8040556|UIC
|CET||2||DE||Aßlar (TGem)|Aßlar (TGem)|||0000000|000000N|29|000000E||||NVS|8040428|UIC
|CET||1||ES||Badajoz(fr)|Badajoz(fr)|||0000000|000000N|29|000000E||||NVS|7164057|UIC
|CET||2||DE||Baden-Brennet Basler|Baden-Brennet Basler|||0000000|473451N|29|075438E||||NVS|502840|UIC
|CET||2||DE||Bahnhof West, Neckar|Bahnhof West, Neckar|||0000000|510515N|29|123200E||||NVS|366038|UIC
|CET||2||DE||Bahnhof, Bundenthal|Bahnhof, Bundenthal|||0000000|482300N|29|085926E||||NVS|505742|UIC
|CET||2||DE||Bahnhof, Dahn|Bahnhof, Dahn|||0000000|000000N|29|000000E||||NVS|505809|UIC
|CET||2||DE||Bahnhof, Gemmingen|Bahnhof, Gemmingen|||0000000|482253N|29|075146E||||NVS|374811|UIC
|CET||2||DE||Bahnhof, Hinterweide|Bahnhof, Hinterweide|||0000000|474045N|29|075046E||||NVS|507119|UIC
|CET||2||DE||Bahnhof, Hofheim i.|Bahnhof, Hofheim i.|||0000000|521319N|29|110035E||||NVS|945272|UIC
|CET||2||DE||Bahnhof, Münsingen|Bahnhof, Münsingen|||0000000|485857N|29|093441E||||NVS|751300|UIC
|CET||2||DE||Bahnhof, Neukirchen|Bahnhof, Neukirchen|||0000000|493437N|29|103519E||||NVS|546049|UIC
|CET||2||DE||Bahnhof, Offenau|Bahnhof, Offenau|||0000000|475646N|29|092243E||||NVS|421043|UIC
|CET||2||DE||Bahnhof, Philippsbur|Bahnhof, Philippsbur|||0000000|483439N|29|095223E||||NVS|360175|UIC
|CET||2||DE||Bahnhof, Rastatt|Bahnhof, Rastatt|||0000000|000000N|29|000000E||||NVS|361844|UIC
|CET||2||DE||Bahnhof, Thurnau|Bahnhof, Thurnau|||0000000|481053N|29|091238E||||NVS|462860|UIC
|CET||2||DE||Bahnhof, Zella-Mehli|Bahnhof, Zella-Mehli|||0000000|483838N|29|092643E||||NVS|996594|UIC
|CET||1||DE||Bärenklau Wendemarke|Bärenklau Wendemarke|||0000000|532727N|29|092646E||||NVS|8079714|UIC
|CET||2||DE||Baunatal (TGem)|Baunatal (TGem)|||0000000|000000N|29|000000E||||NVS|8040421|UIC
|CET||2||DE||Bergfelde Schule, Ho|Bergfelde Schule, Ho|||0000000|000000N|29|000000E||||NVS|733814|UIC
|CET||1||DE||Berlin Friedrichstra|Berlin Friedrichstra|||0000000|523029N|29|131533E||||NVS|8089066|UIC
|CET||1||DE||Berlin Zoologischer|Berlin Zoologischer|||0000000|522919N|29|131542E||||NVS|8089046|UIC
|CET||1||DE||Berlin-Hohenschönhau|Berlin-Hohenschönhau|||0000000|522636N|29|131737E||||NVS|8089117|UIC
|CET||2||CH||Berlin(Übergang)|Berlin(Übergang)|||0000000|465639N|29|072422E||||NVS|9000100|UIC
|CET||1||AT||Bernau (S)|Bernau (S)|||0000000|484116N|29|165244E||||NVS|8089205|UIC
|CET||2||DE||Berstadt-Bahnhof, Wö|Berstadt-Bahnhof, Wö|||0000000|492432N|29|083923E||||NVS|112413|UIC
|CET||2||IT||Betzdorf (TGem)|Betzdorf (TGem)|||0000000|000000N|29|000000E||||NVS|8040443|UIC
|CET||1||PL||Bielefeld-Quelle Alb|Bielefeld-Quelle Alb|||0000000|494658N|29|190426E||||NVS|8076133|UIC
|CET||2||KZ||Bigosovo|Bigosovo|||0000000|000000N|29|000000E||||NVS|2116170|UIC
|CET||1||DK||Bivio d'Aurisina|Bivio d'Aurisina|||0000000|562227N|29|093929E||||NVS|8303313|UIC
|CET||1||CZ||Blankenfelde (S)|Blankenfelde (S)|||0000000|492106N|29|163853E||||NVS|8089186|UIC
|CET||1||FR||Bohunice|Bohunice|||0000000|485451N|29|021618E||||NVS|5460522|UIC
|CET||2||BG||Boskoop Snijdelw.|Boskoop Snijdelw.|||0000000|432832N|29|274234E||||NVS|8400126|UIC
|CET||1||RO||Boskoop Snijdelwijk|Boskoop Snijdelwijk|||0000000|474932N|29|225610E||||NVS|8450126|UIC
|CET||2||CH||Briandino|Briandino|||0000000|461909N|29|075917E||||NVS|2093800|UIC
|CET||2||DE||Brno dolni n.|Brno dolni n.|||0000000|530007N|29|101530E||||NVS|5438015|UIC
|CET||2||CZ||Brno-Hor.Herspice|Brno-Hor.Herspice|||0000000|492854N|29|172015E||||NVS|5433305|UIC
|CET||2||DE||Burg, Alzenau i. UFr|Burg, Alzenau i. UFr|||0000000|000000N|29|000000E||||NVS|362132|UIC
|CET||2||DE||Busbahnhof Steig 5,|Busbahnhof Steig 5,|||0000000|000000N|29|000000E||||NVS|369155|UIC
|CET||2||DE||Busbahnhof, Oberhof|Busbahnhof, Oberhof|||0000000|481545N|29|130122E||||NVS|996301|UIC
|CET||2||DE||Chemnitz Rosenbergst|Chemnitz Rosenbergst|||0000000|504911N|29|125456E||||NVS|8017480|UIC
|CET||1||DE||Chemnitz Rosenbergst|Chemnitz Rosenbergst|||0000000|505021N|29|125548E||||NVS|8067480|UIC
|CET||1||DE||Chemnitz Technopark|Chemnitz Technopark|||0000000|504856N|29|125033E||||NVS|8017481|UIC
|CET||1||BE||Chemnitz TU Campus|Chemnitz TU Campus|||0000000|503628N|29|053659E||||NVS|8017479|UIC
|CET||1||UA||Chernigov|Chernigov|||0000000|501211N|29|315438E||||NVS|2250195|UIC
|CET||1||CZ||Chvalesovice|Chvalesovice|||0000000|000000N|29|000000E||||NVS|5465890|UIC
|CET||2||DE||Cölbe (TGem)|Cölbe (TGem)|||0000000|494616N|29|091946E||||NVS|8040436|UIC
|CET||1||PL||Czaszyn|Czaszyn|||0000000|510258N|29|171414E||||NVS|5108403|UIC
|CET||2||FR||Darnytsia|Darnytsia|||0000000|481418N|29|041012E||||NVS|2232000|UIC
|CET||2||GB||Dautphetal (TGem)|Dautphetal (TGem)|||0000000|503553N|29|032635W||||NVS|8040437|UIC
|CET||2||NL||Deißlingen Mitte|Deißlingen Mitte|||0000000|532002N|29|065527E||||NVS|501194|UIC
|CET||2||UA||Delle(fr)|Delle(fr)|||0000000|000000N|29|000000E||||NVS|8500129|UIC
|CET||2||DE||Diabolo included|Diabolo included|||0000000|533359N|29|095606E||||NVS|8899999|UIC
|CET||2||CZ||Dissen (TGem)|Dissen (TGem)|||0000000|490622N|29|141804E||||NVS|8040409|UIC
|CET||1||SK||Doberschütz B87|Doberschütz B87|||0000000|482426N|29|220129E||||NVS|8079718|UIC
|CET||1||CZ||Doboszowice|Doboszowice|||0000000|494011N|29|182822E||||NVS|5171930|UIC
|CET||1||CZ||Dossow Dorfstraße|Dossow Dorfstraße|||0000000|492540N|29|162107E||||NVS|8079705|UIC
|CET||2||GB||Duiven(TGem)|Duiven(TGem)|||0000000|512045N|29|012533E||||NVS|8040555|UIC
|CET||2||LT||Durlach Bahnhof West|Durlach Bahnhof West|||0000000|000000N|29|000000E||||NVS|362612|UIC
|CET||1||DE||Eberswalde Busbahnho|Eberswalde Busbahnho|||0000000|000000N|29|000000E||||NVS|8079720|UIC
|CET||2||DE||Edelfingen Süd, Bad|Edelfingen Süd, Bad|||0000000|480330N|29|120947E||||NVS|421559|UIC
|CET||2||AT||Edermünde (TGem)|Edermünde (TGem)|||0000000|473701N|29|160740E||||NVS|8040465|UIC
|CET||2||AT||Ehringshausen (TGem)|Ehringshausen (TGem)|||0000000|481025N|29|155855E||||NVS|8040430|UIC
|CET||2||DE||Einbeck Mitte.|Einbeck Mitte.|||0000000|504554N|29|125828E||||NVS|8001717|UIC
|CET||1||PT||Eismeer|Eismeer|||0000000|403751N|29|083403W||||NVS|8557363|UIC
|CET||1||DE||Ellefeld Alte Auerba|Ellefeld Alte Auerba|||0000000|490859N|29|091857E||||NVS|8072171|UIC
|CET||1||FR||Elvas|Elvas|||0000000|443401N|29|062948E||||NVS|9457497|UIC
|CET||2||PT||Ennsdorf Bahnhst (Bu|Ennsdorf Bahnhst (Bu|||0000000|000000N|29|000000E||||NVS|8175482|UIC
|CET||2||PT||Enschede(Gem)|Enschede(Gem)|||0000000|392741N|29|082826W||||NVS|8040560|UIC
|CET||2||FR||Enzisweiler Bahnhofs|Enzisweiler Bahnhofs|||0000000|465907N|29|043113E||||NVS|364189|UIC
|CET||2||FR||Epfenhofen Siedlung,|Epfenhofen Siedlung,|||0000000|490315N|29|020720E||||NVS|502515|UIC
|CET||2||DE||Espenau (TGem)|Espenau (TGem)|||0000000|512704N|29|070053E||||NVS|8040422|UIC
|CET||2||UA||Eutingen Rößlestaffe|Eutingen Rößlestaffe|||0000000|000000N|29|000000E||||NVS|940214|UIC
|CET||1||PT||Falkensee Glienicker|Falkensee Glienicker|||0000000|393208N|29|090447W||||NVS|8079723|UIC
|CET||2||HU||Felsberg (TGem)|Felsberg (TGem)|||0000000|480501N|29|205156E||||NVS|8040466|UIC
|CET||1||IT||Finkenheerd Lindenst|Finkenheerd Lindenst|||0000000|000000N|26|000000E||||NVS|8079725|UIC
|CET||2||RU||Forbach HGV|Forbach HGV|||0000000|490147N|29|1350824E||||NVS|9109003|UIC
|CET||2||PL||Forstamt, Hinterweid|Forstamt, Hinterweid|||0000000|503935N|29|182141E||||NVS|402811|UIC
|CET||1||CH||Fretzdorf Dorf|Fretzdorf Dorf|||0000000|464841N|29|071015E||||NVS|8079726|UIC
|CET||2||BE||Fronhausen (TGem)|Fronhausen (TGem)|||0000000|503743N|29|032126E||||NVS|8040438|UIC
|CET||2||DK||Fützen Ort, Blumberg|Fützen Ort, Blumberg|||0000000|554550N|29|083641E||||NVS|502514|UIC
|CET||2||FR||Gaggiolo transito|Gaggiolo transito|||0000000|491028N|29|012109E||||NVS|8516355|UIC
|CET||2||FR||Georgsmarien. (TGem)|Georgsmarien. (TGem)|||0000000|482945N|29|063100E||||NVS|8040410|UIC
|CET||2||CH||Gießen (TGem)|Gießen (TGem)|||0000000|462817N|29|065109E||||NVS|8040416|UIC
|CET||1||DE||Gnidawa|Gnidawa|||0000000|514054N|29|060939E||||NVS|2251456|UIC
|CET||1||IE||Gopperding Abzw Bahn|Gopperding Abzw Bahn|||0000000|000000N|29|000000E||||NVS|8174275|UIC
|CET||1||DE||Goswinowice|Goswinowice|||0000000|485729N|29|125900E||||NVS|5180098|UIC
|CET||1||DE||Guntramsdorf Kaisera|Guntramsdorf Kaisera|||0000000|490713N|29|104519E||||NVS|8178383|UIC
|CET||2||DE||Habl|Habl|||0000000|502649N|29|080236E||||NVS|2090896|UIC
|CET||2||DE||Hagen (TGem)|Hagen (TGem)|||0000000|523425N|29|092432E||||NVS|8040411|UIC
|CET||2||AT||Haiger (TGem)|Haiger (TGem)|||0000000|000000N|29|000000E||||NVS|8040431|UIC
|CET||1||HU||Hainfeld N\ Bahnhof|Hainfeld N\ Bahnhof|||0000000|000000N|29|000000E||||NVS|8174049|UIC
|CET||2||DE||Hameln (TGem)|Hameln (TGem)|||0000000|530412N|29|132608E||||NVS|8040403|UIC
|CET||2||DK||Hamm(Sieg) (TGem)|Hamm(Sieg) (TGem)|||0000000|560754N|29|090347E||||NVS|8040445|UIC
|CET||1||DE||Harmanli Centrum|Harmanli Centrum|||0000000|502545N|29|114028E||||NVS|5264906|UIC
|CET||2||NO||Harmonie/Hafenmarktp|Harmonie/Hafenmarktp|||0000000|643542N|29|122607E||||NVS|755843|UIC
|CET||1||DE||Hart b.St.Pölten B20|Hart b.St.Pölten B20|||0000000|492500N|29|101432E||||NVS|8182179|UIC
|CET||2||DE||Haueneberstein Bahnh|Haueneberstein Bahnh|||0000000|504615N|29|094133E||||NVS|365110|UIC
|CET||2||DE||Haus des Gastes, Dah|Haus des Gastes, Dah|||0000000|480450N|29|090138E||||NVS|836461|UIC
|CET||2||DK||Heckershausen Mitte,|Heckershausen Mitte,|||0000000|554603N|29|094154E||||NVS|715537|UIC
|CET||2||NO||Heerlen(Gem)|Heerlen(Gem)|||0000000|632639N|29|105905E||||NVS|8040533|UIC
|CET||2||DE||Heiligenfeld Industr|Heiligenfeld Industr|||0000000|542155N|29|110032E||||NVS|815238|UIC
|CET||2||SE||Helmsheim Bahnhof, B|Helmsheim Bahnhof, B|||0000000|560433N|29|124240E||||NVS|361835|UIC
|CET||1||DE||Hennigsdorf (S)|Hennigsdorf (S)|||0000000|480350N|29|092452E||||NVS|8089207|UIC
|CET||2||FR||Herborn (TGem)|Herborn (TGem)|||0000000|492916N|29|020039E||||NVS|8040432|UIC
|CET||2||DK||Herdorf (TGem)|Herdorf (TGem)|||0000000|552504N|29|120813E||||NVS|8040446|UIC
|CET||2||DE||Herdstelle, Ehningen|Herdstelle, Ehningen|||0000000|520710N|29|083949E||||NVS|364751|UIC
|CET||2||DE||Hessisch Old. (TGem)|Hessisch Old. (TGem)|||0000000|505446N|29|111753E||||NVS|8040404|UIC
|CET||2||AT||Hilter (TGem)|Hilter (TGem)|||0000000|480456N|29|162642E||||NVS|8040413|UIC
|CET||1||BE||Homokszentlörinc|Homokszentlörinc|||0000000|503223N|29|053424E||||NVS|5551538|UIC
|CET||2||DE||Howald|Howald|||0000000|512558N|29|141353E||||NVS|8282250|UIC
|CET||1||CZ||Hradce|Hradce|||0000000|501208N|29|154754E||||NVS|5476073|UIC
|CET||1||HR||Hrubiesz≤w Miasto|Hrubiesz≤w Miasto|||0000000|451317N|29|164822E||||NVS|5151345|UIC
|CET||1||SE||Huckstorf Ort|Huckstorf Ort|||0000000|614325N|29|170631E||||NVS|8079735|UIC
|CET||2||DE||Hütten Bahnhof, Sche|Hütten Bahnhof, Sche|||0000000|490942N|29|082925E||||NVS|750386|UIC
|CET||2||DE||Hütten, Schelklingen|Hütten, Schelklingen|||0000000|491355N|29|082712E||||NVS|491747|UIC
|CET||2||BE||Huttenheim Philippsb|Huttenheim Philippsb|||0000000|503135N|29|051358E||||NVS|721218|UIC
|CET||2||RO||Hyllie stn|Hyllie stn|||0000000|445629N|29|221933E||||NVS|7401585|UIC
|CET||1||UA||Iaremcha|Iaremcha|||0000000|000000N|29|000000E||||NVS|2250779|UIC
|CET||2||NL||IC|IC|||0000000|520959N|29|042855E||||NVS|8400902|UIC
|CET||2||NL||Ijak|Ijak|||0000000|530052N|29|053657E||||NVS|2029064|UIC
|CET||2||DE||Im Erzfeld, Graselle|Im Erzfeld, Graselle|||0000000|491915N|29|092128E||||NVS|509964|UIC
|CET||2||AT||Irsa|Irsa|||0000000|464426N|29|130048E||||NVS|2031086|UIC
|CET||2||DE||Iselle Trasquera|Iselle Trasquera|||0000000|483153N|29|084333E||||NVS|8301952|UIC
|CET||1||FR||Jatznick Gemeindever|Jatznick Gemeindever|||0000000|464054N|29|002254E||||NVS|8079736|UIC
|CET||1||CZ||Jirikov|Jirikov|||0000000|000000N|29|000000E||||NVS|5433520|UIC
|CET||2||DE||Kassel (TGem)|Kassel (TGem)|||0000000|511857N|26|092813E||||NVS|8040419|UIC
|CET||2||RU||Kerkrade(Gem)|Kerkrade(Gem)|||0000000|634939N|29|541759E||||NVS|8040534|UIC
|CET||1||RU||Khromtau|Khromtau|||0000000|000000N|29|000000E||||NVS|2750695|UIC
|CET||2||DE||Kirche, Hinterweiden|Kirche, Hinterweiden|||0000000|524925N|29|090627E||||NVS|402812|UIC
|CET||2||DE||Kirchen(Sieg) (TGem)|Kirchen(Sieg) (TGem)|||0000000|495211N|29|114634E||||NVS|8040447|UIC
|CET||2||DE||Kirchhain (TGem)|Kirchhain (TGem)|||0000000|000000N|29|000000E||||NVS|8040467|UIC
|CET||1||DE||Kledering Bahnhst (K|Kledering Bahnhst (K|||0000000|533723N|29|130337E||||NVS|8174251|UIC
|CET||2||DE||Kleinvillars Bahnhof|Kleinvillars Bahnhof|||0000000|485952N|29|084443E||||NVS|365083|UIC
|CET||1||SK||Komancza Letnisko|Komancza Letnisko|||0000000|485447N|29|213818E||||NVS|5108411|UIC
|CET||2||DE||Korotkoozernyi|Korotkoozernyi|||0000000|511144N|29|063042E||||NVS|2092424|UIC
|CET||2||UA||Kremenchug|Kremenchug|||0000000|000000N|29|000000E||||NVS|2250368|UIC
|CET||1||CH||Kriens, Alpenstrasse|Kriens, Alpenstrasse|||0000000|470135N|29|081808E||||NVS|8550524|UIC
|CET||2||DE||Lahntal (TGem)|Lahntal (TGem)|||0000000|000000N|29|000000E||||NVS|8040439|UIC
|CET||1||DE||Lalendorf Am Waldran|Lalendorf Am Waldran|||0000000|534535N|29|122321E||||NVS|8079740|UIC
|CET||1||DE||Lancken Dorfstraße|Lancken Dorfstraße|||0000000|543101N|29|133636E||||NVS|8079741|UIC
|CET||2||DE||Landgraaf(Gem)|Landgraaf(Gem)|||0000000|000000N|29|000000E||||NVS|8040529|UIC
|CET||1||CH||Lantsch/Lenz, Biathl|Lantsch/Lenz, Biathl|||0000000|464132N|29|093335E||||NVS|8557055|UIC
|CET||1||UA||Larga(Gr)|Larga(Gr)|||0000000|483011N|29|265024E||||NVS|2236750|UIC
|CET||1||DE||Lauta Puschkinallee|Lauta Puschkinallee|||0000000|510225N|29|134353E||||NVS|8079742|UIC
|CET||1||AT||Laxenburg Leopold-Fi|Laxenburg Leopold-Fi|||0000000|000000N|29|000000E||||NVS|8187030|UIC
|CET||1||DE||Leutershausen-Wieder|Leutershausen-Wieder|||0000000|000000N|29|000000E||||NVS|8053664|UIC
|CET||1||CZ||Lhota pod Horami|Lhota pod Horami|||0000000|000000N|29|000000E||||NVS|5490210|UIC
|CET||2||DE||Liebenau (TGem)|Liebenau (TGem)|||0000000|000000N|29|000000E||||NVS|8040426|UIC
|CET||1||AT||Lilienfeld Krankenha|Lilienfeld Krankenha|||0000000|480035N|29|153445E||||NVS|8174014|UIC
|CET||1||DE||Limburg ZOB Nord|Limburg ZOB Nord|||0000000|502306N|29|080349E||||NVS|8074108|UIC
|CET||1||DE||Lindau Hbf (Bahnhofp|Lindau Hbf (Bahnhofp|||0000000|473239N|29|094052E||||NVS|8081962|UIC
|CET||2||CZ||Lipnik n.B.|Lipnik n.B.|||0000000|000000N|29|000000E||||NVS|5434042|UIC
|CET||1||KZ||Lisakovsk|Lisakovsk|||0000000|523208N|29|622905E||||NVS|2750706|UIC
|CET||1||AT||Lochau Bahnhof (Vorp|Lochau Bahnhof (Vorp|||0000000|000000N|29|000000E||||NVS|8172262|UIC
|CET||2||DE||Lollar (TGem)|Lollar (TGem)|||0000000|000000N|29|000000E||||NVS|8040417|UIC
|CET||2||GB||London St Pancras|London St Pancras|||0000000|513153N|29|000734W||||NVS|7015550|UIC
|CET||1||DE||Lubolz Lübbener Stra|Lubolz Lübbener Stra|||0000000|515745N|29|134946E||||NVS|8079745|UIC
|CET||1||UA||Luckaitztal Buchwäld|Luckaitztal Buchwäld|||0000000|504528N|29|252104E||||NVS|8079746|UIC
|CET||1||PL||Lüssow Ortsmitte|Lüssow Ortsmitte|||0000000|504539N|29|192314E||||NVS|8079748|UIC
|CET||2||DE||Marburg (TGem)|Marburg (TGem)|||0000000|504908N|29|084628E||||NVS|8040440|UIC
|CET||1||AT||Mauthausen O\ Bahnho|Mauthausen O\ Bahnho|||0000000|000000N|29|000000E||||NVS|8171116|UIC
|CET||1||FR||Mauthausen O\ Vormar|Mauthausen O\ Vormar|||0000000|471734N|29|012321W||||NVS|8171019|UIC
|CET||1||UA||Mechetnaia|Mechetnaia|||0000000|000000N|29|000000E||||NVS|2280128|UIC
|CET||2||DE||Melle (TGem)|Melle (TGem)|||0000000|000000N|29|000000E||||NVS|8040414|UIC
|CET||2||DE||Messedamm/ZOB, Berli|Messedamm/ZOB, Berli|||0000000|523026N|29|131650E||||NVS|731089|UIC
|CET||2||DE||Mettingen Bahnhof, E|Mettingen Bahnhof, E|||0000000|000000N|29|000000E||||NVS|562198|UIC
|CET||1||CZ||Mezimesti(Gr)|Mezimesti(Gr)|||0000000|000000N|29|000000E||||NVS|5450720|UIC
|CET||2||RU||Miasnoi Bor|Miasnoi Bor|||0000000|584900N|29|312752E||||NVS|2028671|UIC
|CET||1||IT||Migiandone Bivio|Migiandone Bivio|||0000000|455912N|29|082344E||||NVS|8372058|UIC
|CET||1||DE||Mistorf Ort|Mistorf Ort|||0000000|495443N|29|112759E||||NVS|8079749|UIC
|CET||1||SK||Mokre Malopolskie|Mokre Malopolskie|||0000000|483526N|29|210118E||||NVS|5108405|UIC
|CET||1||AT||Möllersdorf Aspangba|Möllersdorf Aspangba|||0000000|464950N|29|132205E||||NVS|8176427|UIC
|CET||1||DE||Morochow|Morochow|||0000000|493550N|29|084351E||||NVS|5108404|UIC
|CET||1||BE||Munster Badischhof|Munster Badischhof|||0000000|505232N|29|034358E||||NVS|8755346|UIC
|CET||2||DE||Nebel Klööwenhuuch,|Nebel Klööwenhuuch,|||0000000|000000N|29|000000E||||NVS|706472|UIC
|CET||1||RU||Neißemünde-Wellmitz|Neißemünde-Wellmitz|||0000000|000000N|29|000000E||||NVS|8079777|UIC
|CET||1||UA||Nejin|Nejin|||0000000|510104N|29|315319E||||NVS|2250196|UIC
|CET||2||DE||Neudorf Polizei, Gra|Neudorf Polizei, Gra|||0000000|511821N|29|092700E||||NVS|721862|UIC
|CET||2||DE||Neuental (TGem)|Neuental (TGem)|||0000000|000000N|29|000000E||||NVS|8040468|UIC
|CET||2||DE||Neust.(Hes.) (TGem)|Neust.(Hes.) (TGem)|||0000000|000000N|29|000000E||||NVS|8040469|UIC
|CET||1||KZ||Nikeltau|Nikeltau|||0000000|000000N|29|000000E||||NVS|2750683|UIC
|CET||2||DE||Oberhof(Thür) Stadt|Oberhof(Thür) Stadt|||8016189|513043N|29|065036E||||NVS|8017451|UIC
|CET||1||CH||Oberhofen-Zell am Mo|Oberhofen-Zell am Mo|||0000000|464349N|29|074002E||||NVS|8187025|UIC
|CET||1||DE||Oberland O\ Forsterw|Oberland O\ Forsterw|||0000000|501756N|29|073613E||||NVS|8175189|UIC
|CET||2||DE||Ortsmitte, Igersheim|Ortsmitte, Igersheim|||0000000|000000N|29|000000E||||NVS|505677|UIC
|CET||1||SK||Oslawica|Oslawica|||0000000|483829N|29|182751E||||NVS|5108413|UIC
|CET||2||RU||Ost.Punkt 162 km|Ost.Punkt 162 km|||0000000|000000N|29|000000E||||NVS|2024294|UIC
|CET||2||RU||Ost.Punkt 217 km|Ost.Punkt 217 km|||0000000|000000N|29|000000E||||NVS|2027544|UIC
|CET||1||DE||Otmuch≤w|Otmuch≤w|||0000000|485759N|29|084848E||||NVS|5145120|UIC
|CET||1||DE||Otmuch≤w Jezioro|Otmuch≤w Jezioro|||0000000|483927N|29|092458E||||NVS|5140426|UIC
|CET||2||DE||Otto-Hahn-Gymnasium,|Otto-Hahn-Gymnasium,|||0000000|475543N|29|124212E||||NVS|555680|UIC
|CET||2||DE||Otto-Muck-Straße, Br|Otto-Muck-Straße, Br|||0000000|484050N|29|085955E||||NVS|511008|UIC
|CET||1||PT||Paczk≤w|Paczk≤w|||0000000|405819N|29|083501W||||NVS|5153306|UIC
|CET||2||IT||Palazzolo Stella|Palazzolo Stella|||0000000|405613N|29|155914E||||NVS|8303203|UIC
|CET||2||ES||Palermo|Palermo|||0000000|420057N|29|043201W||||NVS|8399007|UIC
|CET||2||FR||Paris Est HGV|Paris Est HGV|||0000000|484914N|29|022020E||||NVS|9109001|UIC
|CET||1||FR||Parkentin Stegekamp|Parkentin Stegekamp|||0000000|485020N|29|022258E||||NVS|8079752|UIC
|CET||1||UA||Pasewalk Torgelower|Pasewalk Torgelower|||0000000|494254N|29|273317E||||NVS|8079753|UIC
|CET||2||DE||Pasewalker Str./Blan|Pasewalker Str./Blan|||0000000|533055N|29|135919E||||NVS|732840|UIC
|CET||2||SI||Pavlovskaia|Pavlovskaia|||0000000|462535N|29|161045E||||NVS|2032382|UIC
|CET||1||PT||Pendik|Pendik|||0000000|411304N|29|081740W||||NVS|7551609|UIC
|CET||1||RU||Perg Hauptplatz|Perg Hauptplatz|||0000000|000000N|29|000000E||||NVS|8171031|UIC
|CET||1||AT||Perg Turnhalle|Perg Turnhalle|||0000000|481450N|29|143741E||||NVS|8171032|UIC
|CET||2||FR||Pfaffenthal-Kirch|Pfaffenthal-Kirch|||0000000|000000N|29|000000E||||NVS|8282102|UIC
|CET||1||FR||Pfaffenthal-Kirchber|Pfaffenthal-Kirchber|||0000000|485049N|29|073556E||||NVS|8250102|UIC
|CET||2||IT||Pietrarsa-S.Giorg|Pietrarsa-S.Giorg|||0000000|404916N|29|141919E||||NVS|8309801|UIC
|CET||1||IT||Piotrkow Kujawski|Piotrkow Kujawski|||0000000|441837N|29|110941E||||NVS|5152768|UIC
|CET||1||BG||Podunajske Biskupice|Podunajske Biskupice|||0000000|000000N|29|000000E||||NVS|5688378|UIC
|CET||1||SK||Podzamche|Podzamche|||0000000|492441N|29|183953E||||NVS|2250106|UIC
|CET||1||CZ||Pölchow Ort|Pölchow Ort|||0000000|494641N|29|181122E||||NVS|8079757|UIC
|CET||1||RU||Pöndorf Untermühlham|Pöndorf Untermühlham|||0000000|000000N|29|000000E||||NVS|8177060|UIC
|CET||1||ES||Porschdorf (Kr. Pirn|Porschdorf (Kr. Pirn|||0000000|420950N|29|083719W||||NVS|8070785|UIC
|CET||2||CZ||Praha Mas.n.|Praha Mas.n.|||0000000|000000N|29|000000E||||NVS|5457236|UIC
|CET||1||CZ||Praha-Bubny Vltavskß|Praha-Bubny Vltavskß|||0000000|500608N|29|142618E||||NVS|5454137|UIC
|CET||2||IT||Prato P.Serraglio|Prato P.Serraglio|||0000000|435059N|29|110936E||||NVS|8306422|UIC
|CET||1||CZ||Prösen Ost B101|Prösen Ost B101|||0000000|495149N|29|143157E||||NVS|8079756|UIC
|CET||1||GB||Pyburg Bahnhst (Bund|Pyburg Bahnhst (Bund|||0000000|525316N|29|042500W||||NVS|8175477|UIC
|CET||2||AT||Railway Germany|Railway Germany|||0000000|000000N|29|000000E||||NVS|8004937|UIC
|CET||1||DE||Rainfeld/Gölsen Orts|Rainfeld/Gölsen Orts|||0000000|493015N|29|105046E||||NVS|8174059|UIC
|CET||2||FR||Randen Ort, Blumberg|Randen Ort, Blumberg|||0000000|470909N|29|054325E||||NVS|502518|UIC
|CET||2||CH||Randen Sonnenhof, Bl|Randen Sonnenhof, Bl|||0000000|460600N|29|074653E||||NVS|502517|UIC
|CET||2||DE||Randensteig, Blumber|Randensteig, Blumber|||0000000|475517N|29|083910E||||NVS|502519|UIC
|CET||2||DE||Rathaus, Gomadingen|Rathaus, Gomadingen|||0000000|000000N|29|000000E||||NVS|750748|UIC
|CET||1||BG||Raz'ezd 5 KM|Raz'ezd 5 KM|||0000000|424025N|29|233054E||||NVS|2220368|UIC
|CET||2||PL||Raz'ezd 64 KM|Raz'ezd 64 KM|||0000000|513631N|29|165024E||||NVS|2094832|UIC
|CET||2||IT||Regional Train|Regional Train|||0000000|380731N|29|153909E||||NVS|8400901|UIC
|CET||2||DE||Reichenbach Bahnhof,|Reichenbach Bahnhof,|||0000000|474121N|29|090733E||||NVS|509158|UIC
|CET||2||GB||Riabovo|Riabovo|||0000000|531905N|29|032920W||||NVS|2020601|UIC
|CET||2||DE||Rinteln (TGem)|Rinteln (TGem)|||0000000|515039N|29|074121E||||NVS|8040415|UIC
|CET||1||AT||Rohrfluh|Rohrfluh|||0000000|482523N|29|153924E||||NVS|8557566|UIC
|CET||1||CZ||Roppen Innbrücke|Roppen Innbrücke|||0000000|494137N|29|183547E||||NVS|8179206|UIC
|CET||2||DE||Rosenthaler Str., Be|Rosenthaler Str., Be|||0000000|485959N|29|091738E||||NVS|732838|UIC
|CET||1||DE||Rumburk(Gr)|Rumburk(Gr)|||0000000|490905N|29|081645E||||NVS|5450499|UIC
|CET||2||IT||S. Stefano Magra|S. Stefano Magra|||0000000|000000N|29|000000E||||NVS|8306170|UIC
|CET||2||IT||S.Giovanni Natis.|S.Giovanni Natis.|||0000000|000000N|29|000000E||||NVS|8303031|UIC
|CET||1||DE||Saarmund Abzweig zum|Saarmund Abzweig zum|||0000000|491150N|29|070151E||||NVS|8079764|UIC
|CET||2||PL||Sablino|Sablino|||0000000|521025N|29|221030E||||NVS|2036600|UIC
|CET||2||RU||Saline, Rottweil|Saline, Rottweil|||0000000|000000N|29|000000E||||NVS|500901|UIC
|CET||1||DE||Sandförde Ort|Sandförde Ort|||0000000|000000N|29|000000E||||NVS|8079765|UIC
|CET||1||DE||Sassnitz Fährhafen|Sassnitz Fährhafen|||0000000|000000N|29|000000E||||NVS|8012844|UIC
|CET||2||FR||Savignano Rubic.|Savignano Rubic.|||0000000|484441N|29|072143E||||NVS|8305068|UIC
|CET||1||RU||Saxen Friedhof (B3)|Saxen Friedhof (B3)|||0000000|000000N|29|000000E||||NVS|8171333|UIC
|CET||2||CH||Schönfließ Kirche, M|Schönfließ Kirche, M|||0000000|472217N|29|080000E||||NVS|733816|UIC
|CET||2||DE||Schopfheim-Schlatth.|Schopfheim-Schlatth.|||0000000|515926N|29|134639E||||NVS|8005426|UIC
|CET||1||AT||Schopfheim-Schlattho|Schopfheim-Schlattho|||0000000|471151N|29|103942E||||NVS|8055426|UIC
|CET||2||DE||Schulzentrum, Haßfur|Schulzentrum, Haßfur|||0000000|500159N|29|103035E||||NVS|945255|UIC
|CET||2||DE||Schulzentrum, Möckmü|Schulzentrum, Möckmü|||0000000|491916N|29|092129E||||NVS|833464|UIC
|CET||2||DE||Schwalmstadt (TGem)|Schwalmstadt (TGem)|||0000000|490819N|29|090232E||||NVS|8040418|UIC
|CET||1||DE||Seddin Waldstraße|Seddin Waldstraße|||0000000|500615N|29|083946E||||NVS|8079767|UIC
|CET||2||DK||Siglinger Straße(SEV|Siglinger Straße(SEV|||0000000|553956N|29|083437E||||NVS|361091|UIC
|CET||2||DE||Sinn (TGem)|Sinn (TGem)|||0000000|504340N|29|110402E||||NVS|8040433|UIC
|CET||1||BY||Snamenka 1|Snamenka 1|||0000000|000000N|29|000000E||||NVS|2281771|UIC
|CET||2||HU||Sondernach, Schelkli|Sondernach, Schelkli|||0000000|480918N|29|194856E||||NVS|491745|UIC
|CET||2||CH||Spinnerei, Ettlingen|Spinnerei, Ettlingen|||0000000|464118N|29|074045E||||NVS|720478|UIC
|CET||1||PL||Sponholz Ort|Sponholz Ort|||0000000|521527N|29|180531E||||NVS|8079768|UIC
|CET||2||FR||St Louis La Chaus|St Louis La Chaus|||0000000|000000N|29|000000E||||NVS|8718101|UIC
|CET||1||FR||St-Cergues-l-Voirons|St-Cergues-l-Voirons|||0000000|482651N|29|011957E||||NVS|8779665|UIC
|CET||1||BE||St.Georgen am Steinf|St.Georgen am Steinf|||0000000|504802N|29|043906E||||NVS|8172178|UIC
|CET||1||AT||St.Pölten Alpenbahnh|St.Pölten Alpenbahnh|||0000000|472048N|29|150034E||||NVS|8182007|UIC
|CET||1||AT||St.Pölten Mariazelle|St.Pölten Mariazelle|||0000000|480005N|29|125303E||||NVS|8182011|UIC
|CET||2||FR||Stadtallend. (TGem)|Stadtallend. (TGem)|||0000000|485503N|29|022101E||||NVS|8040470|UIC
|CET||2||DE||Stadtmitte, Dahn|Stadtmitte, Dahn|||0000000|505032N|29|071253E||||NVS|505814|UIC
|CET||1||FR||Ste-Croix, av. des A|Ste-Croix, av. des A|||0000000|432020N|29|052330E||||NVS|8587930|UIC
|CET||1||FR||Ste-Croix, La CitΘ|Ste-Croix, La CitΘ|||0000000|490523N|29|045413E||||NVS|8587790|UIC
|CET||2||DE||Steinbach Rebland, B|Steinbach Rebland, B|||0000000|502557N|29|110932E||||NVS|721653|UIC
|CET||1||PL||Stenhus|Stenhus|||0000000|544252N|29|173458E||||NVS|8635465|UIC
|CET||2||LU||Stetten Kirche, Schw|Stetten Kirche, Schw|||0000000|493837N|29|055457E||||NVS|755406|UIC
|CET||2||SE||Strasbourg HGV|Strasbourg HGV|||0000000|000000N|29|000000E||||NVS|9109002|UIC
|CET||2||PL||Strzyzow n. Wisl.|Strzyzow n. Wisl.|||0000000|521837N|29|174824E||||NVS|5108278|UIC
|CET||1||DE||Suben Abzw Bahnhof|Suben Abzw Bahnhof|||0000000|000000N|29|000000E||||NVS|8174012|UIC
|CET||2||DE||Suhoe Ozero|Suhoe Ozero|||0000000|531857N|29|095118E||||NVS|2082824|UIC
|CET||2||RU||Sviatoshyn|Sviatoshyn|||0000000|000000N|29|000000E||||NVS|2232240|UIC
|CET||1||PL||Szczawne Kulaszne|Szczawne Kulaszne|||0000000|500035N|29|201518E||||NVS|5108408|UIC
|CET||1||RO||Tarnawa Dolna|Tarnawa Dolna|||0000000|000000N|29|000000E||||NVS|5108401|UIC
|CET||1||DE||Temelin|Temelin|||0000000|515852N|29|074651E||||NVS|5489666|UIC
|CET||2||GB||Teninger Straße, Bah|Teninger Straße, Bah|||0000000|514021N|29|044223W||||NVS|499622|UIC
|CET||2||SI||Tregubovo|Tregubovo|||0000000|455422N|29|150128E||||NVS|2046119|UIC
|CET||2||IT||Triangeln stn|Triangeln stn|||0000000|453934N|29|121442E||||NVS|7401586|UIC
|CET||2||PT||Tricesimo-S.Pelag|Tricesimo-S.Pelag|||0000000|402341N|29|082023W||||NVS|8303023|UIC
|CET||1||AT||Tyn nad Vltavou|Tyn nad Vltavou|||0000000|465455N|29|145030E||||NVS|5480146|UIC
|CET||1||AT||Uebigau Markt|Uebigau Markt|||0000000|471934N|29|115154E||||NVS|8079772|UIC
|CET||1||DE||Ueckermünde ZOB|Ueckermünde ZOB|||0000000|504341N|29|062853E||||NVS|8079773|UIC
|CET||1||RU||Ujezdec u Cicenic|Ujezdec u Cicenic|||0000000|000000N|29|000000E||||NVS|5481746|UIC
|CET||2||RO||Ushaki|Ushaki|||0000000|444306N|29|263839E||||NVS|2028600|UIC
|CET||2||CZ||Varwnikovskaia|Varwnikovskaia|||0000000|505309N|29|143713E||||NVS|2027799|UIC
|CET||2||CZ||Vellmar (TGem)|Vellmar (TGem)|||0000000|504433N|29|144359E||||NVS|8040427|UIC
|CET||2||IT||Venlo(Gem)|Venlo(Gem)|||0000000|453024N|29|121451E||||NVS|8040510|UIC
|CET||1||HU||Verhovcevo|Verhovcevo|||0000000|473855N|29|191717E||||NVS|2250550|UIC
|CET||1||FR||Version 002 / 10.12|Version 002 / 10.12|||0000000|000000N|29|000000E||||NVS|9999999|UIC
|CET||1||CZ||W≤jcice|W≤jcice|||0000000|502031N|29|124243E||||NVS|5180754|UIC
|CET||2||CZ||Wabern (TGem)|Wabern (TGem)|||0000000|495701N|29|160921E||||NVS|8040471|UIC
|CET||2||DE||Wadd. Triangel|Wadd. Triangel|||0000000|503719N|29|070731E||||NVS|8400677|UIC
|CET||2||DE||Waidhaus Zubringer|Waidhaus Zubringer|||0000000|535740N|29|101346E||||NVS|8006142|UIC
|CET||2||DE||Waldshut Bahnhofsvor|Waldshut Bahnhofsvor|||0000000|000000N|29|000000E||||NVS|504657|UIC
|CET||2||DE||Weimar(Lahn) (TGem)|Weimar(Lahn) (TGem)|||0000000|480130N|29|084633E||||NVS|8040441|UIC
|CET||1||DE||Weisen Kreuzung|Weisen Kreuzung|||0000000|493138N|29|083858E||||NVS|8079776|UIC
|CET||1||CH||Werbkowice|Werbkowice|||0000000|464644N|29|071654E||||NVS|5153975|UIC
|CET||1||DE||Westerburg Willmenro|Westerburg Willmenro|||0000000|482933N|29|091206E||||NVS|8074109|UIC
|CET||2||DE||Wetzlar (TGem)|Wetzlar (TGem)|||0000000|512311N|29|072309E||||NVS|8040434|UIC
|CET||2||RU||Wiedersbach Bahnhof,|Wiedersbach Bahnhof,|||0000000|000000N|29|000000E||||NVS|681774|UIC
|CET||1||DE||Wiesenfeld/Gölsen Ab|Wiesenfeld/Gölsen Ab|||0000000|521350N|29|143530E||||NVS|8174063|UIC
|CET||1||AT||Wiler (Lötschen) Tal|Wiler (Lötschen) Tal|||0000000|480043N|29|125159E||||NVS|8557500|UIC
|CET||1||AT||Wilhelmsburg/Traisen|Wilhelmsburg/Traisen|||0000000|480119N|29|164307E||||NVS|8179171|UIC
|CET||1||AT||Wilhelmsburg/Traisen|Wilhelmsburg/Traisen|||0000000|000000N|29|000000E||||NVS|8179247|UIC
|CET||2||AT||Winfriedstr., Berlin|Winfriedstr., Berlin|||0000000|474255N|29|141938E||||NVS|731493|UIC
|CET||2||DE||Wissen (TGem)|Wissen (TGem)|||0000000|535348N|29|112809E||||NVS|8040448|UIC
|CET||1||PL||Woltersdorf Berliner|Woltersdorf Berliner|||0000000|511958N|29|163801E||||NVS|8079779|UIC
|CET||2||AT||Wrixum West|Wrixum West|||0000000|474842N|29|161403E||||NVS|706387|UIC
|CET||1||DE||Wysoczany|Wysoczany|||0000000|473256N|29|074133E||||NVS|5108407|UIC
|CET||1||UA||Zabori u Cicenic|Zabori u Cicenic|||0000000|482831N|29|251827E||||NVS|5425906|UIC
|CET||2||DE||Zevenaar(Gem)|Zevenaar(Gem)|||0000000|504517N|29|113029E||||NVS|8040554|UIC
|CET||1||SK||Zlatna na Ostrove|Zlatna na Ostrove|||0000000|474608N|29|180733E||||NVS|5686786|UIC
|CET||2||DE||ZOB, Niederstetten|ZOB, Niederstetten|||0000000|483259N|29|084321E||||NVS|421586|UIC
|CET||2||DE||ZOB, Schrozberg|ZOB, Schrozberg|||0000000|000000N|29|000000E||||NVS|830557|UIC
|CET||2||CH||Zollhaus B27, Blumbe|Zollhaus B27, Blumbe|||0000000|464253N|29|071835E||||NVS|524975|UIC
|CET||2||NL||Zwolle Stadsh.|Zwolle Stadsh.|||0000000|523020N|29|060526E||||NVS|8400746|UIC
|CET||1||NL||Zwolle Stadshagen|Zwolle Stadshagen|||0000000|523140N|29|060303E||||NVS|8450746|UIC
