|CET||1||IT||Capo Spartivento|CAPO SPARTIVENTO||||375529N|29|160330E|||||8300837|UIC
|CET||1||IT||Eccellente|Eccellente||||384837N|29|161358E|||||8301064|UIC
|CET||1||IT||Torre Melissa|Torre Melissa||||391815N|29|170630E|||||8302260|UIC
|CET||1||IT||Calopezzati|Calopezzati||||393444N|29|164909E|||||8301418|UIC
|CET||1||IT||Pabillonis|PABILLONIS||||393639N|29|084427E|||||8301851|UIC
|CET||1||IT||Ardara|ARDARA||||403755N|29|084906E|||||8301150|UIC
|CET||1||IT||Torricella|TORRICELLA||||430931N|29|121117E|||||8302241|UIC
|CET||1||IT||Pisa Aeroporto|PISA AEROPORTO||||434154N|29|102354E|||||8301855|UIC
|CET||1||IT||Noceto|Noceto||||444835N|29|100850E|||||8300735|UIC
|CET||1||IT||Redipuglia|Redipuglia||||455112N|29|132909E|||||8301996|UIC
|CET||1||AT||Klagenfurt|Klagenfurt||||463656N|26|141849E|||||1120101|UIC
|CET||1||AT||Graz|Graz||||470418N|26|152501E|||||1160100|UIC
|CET||1||AT||Mayrhofen|Mayrhofen||||471009N|26|115143E|||||1170920|UIC
|CET||1||AT||Innsbruck|Innsbruck||||471549N|26|112403E|||||1170101|UIC
|CET||1||AT||Ried im Zillertal|Ried im Zillertal||||471810N|26|115223E|||||1170923|UIC
|CET||1||AT||Hohenems|Hohenems||||472154N|26|094053E|||||1180302|UIC
|CET||1||AT||STRASS IM ZILLERTAL|STRASS IM ZILLERTAL||||472343N|26|114905E|||||1170930|UIC
|CET||1||AT||Dornbirn|Dornbirn||||472502N|26|094418E|||||1180301|UIC
|CET||1||AT||Saalfelden|Saalfelden||||472535N|26|124947E|||||1150619|UIC
|CET||1||AT||Leogang|Leogang||||472640N|26|124605E|||||1150609|UIC
|CET||1||AT||Bregenz|Bregenz||||473010N|26|094422E|||||1180207|UIC
|CET||1||AT||ST.JOHANN IN TIROL|ST.JOHANN IN TIROL||||473110N|26|122544E|||||1170416|UIC
|CET||1||AT||Salzburg|Salzburg||||474851N|26|130244E|||||1150101|UIC
|CET||1||AT||Wien Matzleinsdorf (Autoreisezuganlage)|Wien Matzleinsdorf (Autoreisezuganlage)||||481043N|29|162118E|||||8100378|UIC
|CET||1||AT||Vienna|Vienna||||481230N|26|162219E|||||1190100|UIC
|CET||1||AT||Linz|Linz||||481724N|26|141729E|||||1140101|UIC
|CET||1||DE||Unterentersbach|Unterentersbach||||481943N|29|080303E|||||8007108|UIC
|CET||1||FR||Paris Nord|Paris Nord||||485251N|29|022117E|||||8700014|UIC
|CET||1||DE||Huttenheim Kirche|Huttenheim Kirche||||491148N|29|082757E|||||8070891|UIC
|CET||1||DE||Huttenheim Philippsburger Str.|Huttenheim Philippsburger Str.||||491210N|29|082755E|||||8070850|UIC
|CET||1||DE||Kaiserslautern-Hohenecken|Kaiserslautern-Hohenecken||||492456N|29|074157E|||||8002943|UIC
|CET||1||DE||Chemnitz Annenstraße|Chemnitz Annenstrasse||||504943N|29|125522E|||||8071804|UIC
|CET||1||DE||Pirna-Copitz Schulstraße|Pirna-Copitz Schulstrasse||||505806N|29|135604E|||||8012645|UIC
|CET||1||DE||Pirna-Copitz Nord Heinrich-Heine-Str.|Pirna-Copitz Nord Heinrich-Heine-Str.||||505827N|29|135624E|||||8012642|UIC
|CET||1||DE||Wilthen Pumphut|Wilthen Pumphut||||510540N|29|142319E|||||8070211|UIC
|CET||1||DE||Putzkau Viadukt|Putzkau Viadukt||||510553N|29|141411E|||||8071711|UIC
|CET||1||DE||Wippra|Wippra||||513432N|29|111650E|||||8013319|UIC
|CET||1||DE||Vatterode|Vatterode||||513551N|29|112544E|||||8013182|UIC
|CET||1||DE||Walddrehna|Walddrehna||||514621N|29|133702E|||||8013210|UIC
|CET||1||DE||Alt Schwerin|Alt Schwerin||||533043N|29|122120E|||||8011015|UIC
|CET||1||DE||Gallin|Gallin||||533100N|29|120743E|||||8011593|UIC
|CET||1||IT||Catania, Piazza Europa|Catania, Piazza Europa||||373056N|29|150620E|||||8312335|UIC
|CET||1||IT||Ognina|Ognina||||373145N|29|150647E|||||8312333|UIC
|CET||1||IT||Anna(I)|Anna(I)||||375529N|29|154500E|||||8311870|UIC
|CET||1||IT||Terme Vigliatore|Terme Vigliatore||||380758N|29|150944E|||||8300475|UIC
|CET||1||IT||S.Angelo dei Lombardi|S Angelo Dei Lombardi||||405329N|29|150921E|||||8302667|UIC
|CET||1||IT||Napoli Afragola|Napoli Afragola||||405557N|29|141954E|||||8309988|UIC
|CET||1||IT||Bivio Maddaloni|Bivio Maddaloni||||410209N|29|142250E|||||8309214|UIC
|CET||1||IT||Bari Torre Quetta|Bari Torre Quetta||||410642N|29|165449E|||||8311004|UIC
|CET||1||IT||Cervaro|Cervaro||||412350N|29|153544E|||||8301026|UIC
|CET||1||IT||Manfredonia Ovest|Manfredonia Ovest||||413615N|29|155259E|||||8311057|UIC
|CET||1||IT||L'Aquila S.Gregorio|L'Aquila S.Gregorio||||421936N|29|132930E|||||8307417|UIC
|CET||1||IT||L'Aquila Sassa N.S.I.|L'Aquila Sassa N.S.I.||||422149N|29|131844E|||||8307415|UIC
|CET||1||IT||P.M. Teatino|P.M. Teatino||||422452N|29|141034E|||||8390262|UIC
|CET||1||IT||Tavernelle d'Emilia|TAVERNELLE DEMILIA||||443353N|29|111451E|||||8302231|UIC
|CET||1||IT||Padova C. Marte|Padova C. Marte||||452428N|29|115110E|||||8302650|UIC
|CET||1||IT||Malpensa Aeroporto T2|Malpensa Aeroporto T2||||453901N|29|084311E|||||8320005|UIC
|CET||1||IT||Omegna, stazione|Omegna, Stazione||||455218N|29|082445E|||||8322066|UIC
|CET||1||IT||Omegna, Ospedale|Omegna, Ospedale||||455224N|29|082439E|||||8322067|UIC
|CET||1||IT||Omegna, via de Amicis|Omegna, Via De Amicis||||455235N|29|082439E|||||8322068|UIC
|CET||1||IT||Crusinallo, stazione|Crusinallo, Stazione||||455352N|29|082452E|||||8322023|UIC
|CET||1||IT||Pallanza, Tribunale|Pallanza, Tribunale||||455541N|29|083317E|||||8322072|UIC
|CET||1||IT||Gravellona Toce, via Sempione|Gravellona Toce, Via Sempione||||455544N|29|082554E|||||8322045|UIC
|CET||1||IT||Gravellona Toce, crociera|Gravellona Toce, Crociera||||455550N|29|082608E|||||8322043|UIC
|CET||1||IT||Gravellona Toce, bivio FS|Gravellona Toce, Bivio Fs||||455556N|29|082549E|||||8322044|UIC
|CET||1||IT||Verbania Intra, imb. Vecchio|Verbania Intra, Imb. Vecchio||||455609N|29|083431E|||||8322103|UIC
|CET||1||IT||Fondotoce (ex stab. Gewa)|Fondotoce (Ex Stab. Gewa)||||455645N|29|082924E|||||8322037|UIC
|CET||1||IT||Macugnaga, Pestarena|Macugnaga, Pestarena||||455733N|29|080045E|||||8322051|UIC
|CET||1||IT||Macugnaga, Borca|Macugnaga, Borca||||455746N|29|075906E|||||8322049|UIC
|CET||1||IT||Macugnaga, Staffa|Macugnaga, Staffa||||455805N|29|075803E|||||8322052|UIC
|CET||1||IT||Campioli|Campioli||||455810N|29|080245E|||||8322010|UIC
|CET||1||IT||Ceppo Morelli|Ceppo Morelli||||455815N|29|080411E|||||8322013|UIC
|CET||1||IT||Ornavasso, stazione|Ornavasso, Stazione||||455816N|29|082451E|||||8322070|UIC
|CET||1||IT||Macugnaga, Pecetto|Macugnaga, Pecetto||||455820N|29|075712E|||||8322050|UIC
|CET||1||IT||Vanzone|Vanzone||||455849N|29|080653E|||||8322101|UIC
|CET||1||IT||Migiandone Bivio|Migiandone Bivio||||455912N|29|082344E|||||8322058|UIC
|CET||1||IT||San Carlo|San Carlo||||455917N|29|080758E|||||8322093|UIC
|CET||1||IT||Anzola|Anzola||||455923N|29|082044E|||||8322002|UIC
|CET||1||IT||Anzola, Chiesa|Anzola, Chiesa||||455923N|29|082042E|||||8301069|UIC
|CET||1||IT||Pontegrande|Pontegrande||||455925N|29|080850E|||||8322081|UIC
|CET||1||IT||Megolo Mezzo|Megolo Mezzo||||455929N|29|081828E|||||8322057|UIC
|CET||1||IT||Rumianca|Rumianca||||455938N|29|081717E|||||8322092|UIC
|CET||1||IT||Valbianca|Valbianca||||455938N|29|080939E|||||8322099|UIC
|CET||1||IT||Cuzzago, bivio FS|Cuzzago, Bivio Fs||||455942N|29|082220E|||||8322024|UIC
|CET||1||IT||Vogogna/Piedimulera|Vogogna/Piedimulera||||460014N|29|081813E|||||8322114|UIC
|CET||1||IT||Molini|Molini||||460035N|29|081109E|||||8322061|UIC
|CET||1||IT||Pieve Vergonte, centro|Pieve Vergonte, Centro||||460035N|29|081550E|||||8322078|UIC
|CET||1||IT||Gozzi|Gozzi||||460108N|29|081430E|||||8322042|UIC
|CET||1||IT||Castiglione|Castiglione||||460114N|29|081253E|||||8322012|UIC
|CET||1||IT||Piedimulera, piazza Gramsci|Piedimulera, Piazza Gramsci||||460117N|29|081528E|||||8322077|UIC
|CET||1||IT||Vogogna, bivio FS|Vogogna, Bivio Fs||||460117N|29|081700E|||||8322113|UIC
|CET||1||IT||Piedimulera, stazione|Piedimulera, Stazione||||460127N|29|081539E|||||8322076|UIC
|CET||1||IT||Prata di Vogogna|Prata Di Vogogna||||460218N|29|081647E|||||8322084|UIC
|CET||1||IT||Pallanzeno, stazione|Pallanzeno, Stazione||||460234N|29|081537E|||||8322073|UIC
|CET||1||IT||Cuzzego di Cardezza|Cuzzego Di Cardezza||||460302N|29|081645E|||||8322025|UIC
|CET||1||IT||Villadossola, Via B. Novello|Villadossola, Via B. Novello||||460350N|29|081542E|||||8322111|UIC
|CET||1||IT||Villadossola, Corso Italia|Villadossola, Corso Italia||||460356N|29|081539E|||||8322106|UIC
|CET||1||IT||Villadossola, Corso Sempione|Villadossola, Corso Sempione||||460403N|29|081546E|||||8322109|UIC
|CET||1||IT||Villadossola, Bivio Gaggio|Villadossola, Bivio Gaggio||||460405N|29|081547E|||||8322105|UIC
|CET||1||IT||Villadossola, Villagio Sisma|Villadossola, Villagio Sisma||||460412N|29|081537E|||||8322112|UIC
|CET||1||IT||Villadossola, Stab Sisma|Villadossola, Stab Sisma||||460418N|29|081548E|||||8322110|UIC
|CET||1||IT||Beura Cardezza, centro|Beura Cardezza, Centro||||460444N|29|081757E|||||8322004|UIC
|CET||1||IT||Calice|Calice||||460529N|29|081649E|||||8322009|UIC
|CET||1||IT||Cosasca di Trontano|Cosasca Di Trontano||||460548N|29|081842E|||||8322015|UIC
|CET||1||IT||Domodossola, via Torino|Domodossola, Via Torino||||460631N|29|081746E|||||8322035|UIC
|CET||1||IT||Croppo di Trontano|Croppo Di Trontano||||460637N|29|081842E|||||8322021|UIC
|CET||1||IT||Domodossola, piazza Orsi Mose|Domodossola, Piazza Orsi Mose||||460641N|29|081734E|||||8322030|UIC
|CET||1||IT||Domodossola, piazza Repubblica|Domodossola, Piazza Repubblica||||460653N|29|081730E|||||8322031|UIC
|CET||1||IT||Domodossola, Ospedale|Domodossola, Ospedale||||460705N|29|081713E|||||8322029|UIC
|CET||1||IT||Domodossola, via Turati|Domodossola, Via Turati||||460715N|29|081720E|||||8322036|UIC
|CET||1||IT||Domodossola, via Scappacino|Domodossola, Via Scappacino||||460716N|29|081702E|||||8322034|UIC
|CET||1||IT||Domodossola, via di Vittorio|Domodossola, Via Di Vittorio||||460716N|29|081628E|||||8322032|UIC
|CET||1||IT||Gabbio|Gabbio||||460717N|29|081414E|||||8322040|UIC
|CET||1||IT||Bognanco, T. Villa Elda|Bognanco, T. Villa Elda||||460720N|29|081238E|||||8322005|UIC
|CET||1||IT||Domodossola, via Sant'Antonio|Domodossola, Via Sant'Antonio||||460720N|29|081726E|||||8322033|UIC
|CET||1||IT||Domodossola, Cappuccina|Domodossola, Cappuccina||||460723N|29|081722E|||||8322026|UIC
|CET||1||IT||Mocogna|Mocogna||||460725N|29|081630E|||||8322060|UIC
|CET||1||IT||Domodossola, Corso Cairoli 20|Domodossola, Corso Cairoli 20||||460730N|29|081729E|||||8322027|UIC
|CET||1||IT||San Lorenzo|San Lorenzo||||460736N|29|081200E|||||8322094|UIC
|CET||1||IT||Caddo|Caddo||||460802N|29|081710E|||||8322008|UIC
|CET||1||IT||Masera, Municipio|Masera, Municipio||||460812N|29|081934E|||||8322055|UIC
|CET||1||IT||Preglia di Crevoladossola|Preglia Di Crevoladossola||||460843N|29|081746E|||||8322086|UIC
|CET||1||IT||Pontetto di Montecrestese|Pontetto Di Montecrestese||||460901N|29|081851E|||||8322083|UIC
|CET||1||IT||Ponte di Crevola|Ponte Di Crevola||||460910N|29|081815E|||||8322079|UIC
|CET||1||IT||Roldo|Roldo||||460914N|29|081927E|||||8322091|UIC
|CET||1||IT||Crevoladossola|Crevoladossola||||460922N|29|081812E|||||8322017|UIC
|CET||1||IT||Giosio|Giosio||||460929N|29|081953E|||||8322041|UIC
|CET||1||IT||Naviledo|Naviledo||||460935N|29|082026E|||||8322064|UIC
|CET||1||IT||Montecrestese|Montecrestese||||460955N|29|081935E|||||8322062|UIC
|CET||1||IT||Altoggio|Altoggio||||461002N|29|082044E|||||8322000|UIC
|CET||1||IT||Nava|Nava||||461010N|29|082011E|||||8322063|UIC
|CET||1||IT||Oira|Oira||||461028N|29|081856E|||||8322065|UIC
|CET||1||IT||Pontemaglio|Pontemaglio||||461049N|29|081924E|||||8322082|UIC
|CET||1||IT||Varzo, stazione|Varzo, Stazione||||461223N|29|081443E|||||8322102|UIC
|CET||1||IT||Crodo, Bagni|Crodo, Bagni||||461251N|29|081916E|||||8322018|UIC
|CET||1||IT||Crodo, paese|Crodo, Paese||||461326N|29|081924E|||||8322019|UIC
|CET||1||IT||Miramonti|Miramonti||||461355N|29|081924E|||||8322059|UIC
|CET||1||IT||Baceno|Baceno||||461541N|29|081909E|||||8322003|UIC
|CET||1||IT||Premia (IT)|Premia (It)||||461602N|29|082009E|||||8322087|UIC
|CET||1||IT||Piedilago|Piedilago||||461644N|29|082109E|||||8322075|UIC
|CET||1||IT||Cadarese|Cadarese||||461752N|29|082145E|||||8322007|UIC
|CET||1||IT||San Rocco|San Rocco||||461810N|29|082202E|||||8322096|UIC
|CET||1||IT||Passo|Passo||||461854N|29|082253E|||||8322074|UIC
|CET||1||IT||Rivasco|Rivasco||||461939N|29|082328E|||||8322090|UIC
|CET||1||IT||Villa di Chiavenna, Dogana|Villa Di Chiavenna, Dogana||||461957N|29|093047E|||||8357035|UIC
|CET||1||IT||Foppiano|Foppiano||||462000N|29|082415E|||||8322039|UIC
|CET||1||IT||Fondovalle|Fondovalle||||462040N|29|082533E|||||8322038|UIC
|CET||1||IT||Chiesa (Val Formazza)|Chiesa (Val Formazza)||||462111N|29|082540E|||||8322014|UIC
|CET||1||IT||San Michele|San Michele||||462202N|29|082545E|||||8322095|UIC
|CET||1||IT||Valdo|Valdo||||462221N|29|082539E|||||8322100|UIC
|CET||1||IT||Ponte Formazza|Ponte Formazza||||462235N|29|082536E|||||8322080|UIC
|CET||1||IT||Cascate del Toce|Cascate Del Toce||||462433N|29|082442E|||||8322011|UIC
|CET||1||IT||Riale di Formezza|Riale Di Formezza||||462501N|29|082457E|||||8322089|UIC
|CET||1||AT||Thörl-Maglern  Bahnhof|Thorl-Maglern  Bahnhof||||463225N|29|133853E|||||8101675|UIC
|CET||1||AT||Ledenitzen West Bahnhst|Ledenitzen West Bahnhst||||463346N|29|135754E|||||8102149|UIC
|CET||1||HU||Kelenföld|Budapest-kelenfel'||||472751N|29|190113E|||||5500008|UIC
|CET||1||HU||Budapest-Keleti|Budapest keleti||||473001N|29|190506E|||||5500003|UIC
|CET||1||HU||GYÖR|Gyor||||474055N|26|173804E|||||5595509|UIC
|CET||1||HU||Györ-Gyarvaros|Gyor-Gyarvaros||||474105N|29|173943E|||||5500585|UIC
|CET||1||AT||Gmunden Schloss Weyer|Gmunden Schloss Weyer||||475455N|29|134840E|||||8151847|UIC
|CET||1||DE||Pfaffenhofen Gartenschau Türltorstraße|Pfaffenhofen Gartenschau Turltorstrasse||||483202N|29|113032E|||||8071743|UIC
|CET||1||DE||Graben-Neudorf Nord Polizei|Graben-Neudorf Nord Polizei||||491021N|29|082946E|||||8070888|UIC
|CET||1||DE||Rheinsheim Schule|Rheinsheim Schule||||491357N|29|082434E|||||8070890|UIC
|CET||1||DE||Grub(Oberpf)|Grub(Oberpf)||||492128N|29|124053E|||||8002436|UIC
|CET||1||DE||Nürnberg Plärrer|Nurnberg Plarrer||||492653N|29|110352E|||||8070724|UIC
|CET||1||DE||Pinzberg Eichenwaldstraße|Pinzberg Eichenwaldstrasse||||494136N|29|110624E|||||8071084|UIC
|CET||1||DE||Gosberg Kirche|Gosberg Kirche||||494215N|29|110655E|||||8071079|UIC
|CET||1||DE||Wiesenthau Bahnhof Ost|Wiesenthau Bahnhof Ost||||494249N|29|110738E|||||8071086|UIC
|CET||1||DE||Kirchehrenbach Mitte|Kirchehrenbach Mitte||||494402N|29|110846E|||||8071080|UIC
|CET||1||DE||Pretzfeld Am Backofen|Pretzfeld Am Backofen||||494518N|29|111024E|||||8071085|UIC
|CET||1||DE||Baunach Raiffeisenbank|Baunach Raiffeisenbank||||495912N|29|105102E|||||8070993|UIC
|CET||1||DE||Bad Orb Busbf|Bad Orb Busbf||||501345N|29|092050E|||||8089221|UIC
|CET||1||DE||Limburg(Lahn) Eisenbahnstraße|Limburg(Lahn) Eisenbahnstrasse||||502305N|29|080352E|||||8071534|UIC
|CET||1||DE||Staffel Ost|Staffel Ost||||502400N|29|080251E|||||8071537|UIC
|CET||1||DE||Elz Weberstraße Ost|Elz Weberstrasse Ost||||502437N|29|080155E|||||8074482|UIC
|CET||1||DE||Elz(Limburg/Lahn) Mitte|Elz(Limburg/Lahn) Mitte||||502445N|29|080209E|||||8071536|UIC
|CET||1||DE||Niedererbach Bus|Niedererbach Bus||||502534N|29|075839E|||||8074481|UIC
|CET||1||DE||Niederhadamar Süd|Niederhadamar Sud||||502558N|29|080201E|||||8071535|UIC
|CET||1||DE||Hadamar Stadtmitte|Hadamar Stadtmitte||||502649N|29|080243E|||||8071533|UIC
|CET||1||DE||Dreikirchen Hauptstraße|Dreikirchen Hauptstrasse||||502651N|29|075727E|||||8074480|UIC
|CET||1||DE||Girod Bus|Girod Bus||||502704N|29|075440E|||||8074478|UIC
|CET||1||DE||Steinefrenz Ort|Steinefrenz Ort||||502733N|29|075559E|||||8074479|UIC
|CET||1||DE||Wirges Union|Wirges Union||||502807N|29|074718E|||||8074344|UIC
|CET||1||DE||Niederzeuzheim Ortsmitte|Niederzeuzheim Ortsmitte||||502810N|29|080214E|||||8071532|UIC
|CET||1||DE||Ellefeld Alte Auerbacher Straße|Ellefeld Alte Auerbacher Strasse||||502920N|29|122253E|||||8072171|UIC
|CET||1||DE||Rodewisch Busbahnhof|Rodewisch Busbahnhof||||503148N|29|122410E|||||8070985|UIC
|CET||1||DE||Berzhahn Ortsmitte|Berzhahn Ortsmitte||||503218N|29|080018E|||||8071529|UIC
|CET||1||DE||Willmenrod Ortsmitte|Willmenrod Ortsmitte||||503224N|29|075846E|||||8071530|UIC
|CET||1||DE||Mehltheuer Leubnitzer Straße|Mehltheuer Leubnitzer Strasse||||503240N|29|120220E|||||8071528|UIC
|CET||1||DE||Limbach(Vogtl) Markt|Limbach (Vogtl) Markt||||503502N|29|121510E|||||8070845|UIC
|CET||1||DE||Niederschmiedeberg Heimatmuseum|Niederschmiedeberg Heimatmuseum||||503553N|29|130724E|||||8071527|UIC
|CET||1||DE||Großrückerswalde Bahnhäusel|Grossruckerswalde Bahnhausel||||503658N|29|130539E|||||8071526|UIC
|CET||1||DE||Reichenbach(Vogtl) Bus|Reichenbach(Vogtl) Bus||||503738N|29|121733E|||||8070204|UIC
|CET||1||DE||Zwönitz Gymnasium|Zwönitz Gymnasium||||503801N|29|124830E|||||8071642|UIC
|CET||1||DE||Ebersbrunn Gasthof Löwe|Ebersbrunn Gasthof Lowe||||503908N|29|122621E|||||8071753|UIC
|CET||1||DE||Daßlitz Kreuzung|Dasslitz Kreuzung||||504054N|29|120748E|||||8071735|UIC
|CET||1||DE||Stollberg(Sachs) Gewerbepark|Stollberg Gewerbepark||||504251N|29|124652E|||||8071811|UIC
|CET||1||DE||Bonn UN Campus|Bonn Un Campus||||504252N|29|070704E|||||8001091|UIC
|CET||1||DE||Hilgenroth Ortsmitte|Hilgenroth Ortsmitte||||504410N|29|073903E|||||8070990|UIC
|CET||1||DE||Kurort Kipsdorf|Kurort Kipsdorf||||504817N|29|134035E|||||8012133|UIC
|CET||1||DE||Chemnitz Stadlerplatz|Chemnitz Stadlerplatz||||504915N|29|125537E|||||8017478|UIC
|CET||1||DE||Chemnitz Bernsbachplatz|Chemnitz Bernsbachplatz||||504930N|29|125536E|||||8017475|UIC
|CET||1||DE||Buschmühle|Buschmuhle||||504935N|29|134124E|||||8011301|UIC
|CET||1||DE||Schmiedeberg (Dresden)|Schmiedeberg (Dresden)||||505017N|29|134031E|||||8012884|UIC
|CET||1||DE||Schmiedeberg-Naundorf|Schmiedeberg-Naundorf||||505038N|29|134010E|||||8012885|UIC
|CET||1||DE||Obercarsdorf|Obercarsdorf||||505136N|29|133954E|||||8012518|UIC
|CET||1||DE||Ulberndorf|Ulberndorf||||505226N|29|134019E|||||8013167|UIC
|CET||1||DE||Niederbobritzsch Goldener Löwe|Niederbobritzsch Goldener Lowe||||505354N|29|132602E|||||8072865|UIC
|CET||1||DE||Hainewalde Gemeindeamt|Hainewalde Gemeindeamt||||505427N|29|144206E|||||8071054|UIC
|CET||1||DE||Muldenhütten, Hilbersdorf Gasthof|Muldenhutten, Hilbersdorf Gasthof||||505440N|29|132325E|||||8071312|UIC
|CET||1||DE||Mittelherwigsdorf Gütchen|Mittelherwigsdorf Gütchen||||505458N|29|144535E|||||8071714|UIC
|CET||1||DE||Seifhennersdorf Grenze (Varnsdf)|Seifhennersdorf Grenze (Varnsdf)||||505527N|29|143628E|||||8071417|UIC
|CET||1||DE||Seifhennersdorf Zollstraße|Seifhennersdorf Zollstrasse||||505549N|29|143655E|||||8071418|UIC
|CET||1||DE||Köln Dom/Hbf (tief)|Koln Dom/Hbf (Tief)||||505634N|29|065731E|||||8098207|UIC
|CET||1||DE||Heidenau-Großsedlitz Pechhütte|Heidenau-Grosssedlitz Pechhutte||||505736N|29|135333E|||||8007132|UIC
|CET||1||DE||Dresden-Zschachwitz Fritz-Schreiter-Str.|Dresden Zschachwitz Fritz-Schreiter-Str.||||505934N|29|135103E|||||8013446|UIC
|CET||1||DE||Battenfeld|Battenfeld||||510121N|29|083926E|||||8000820|UIC
|CET||1||DE||Battenberg Bf|Battenberg Bf||||510121N|29|083815E|||||8000819|UIC
|CET||1||DE||Allendorf(Eder) Bf|Allendorf(Eder) Bf||||510133N|29|084037E|||||8000493|UIC
|CET||1||DE||Stolpen Grüne Aue|Stolpen Grune Aue||||510222N|29|140518E|||||8079044|UIC
|CET||1||DE||Dürrhennersdorf|Durrhennersdorf||||510257N|29|143633E|||||8011439|UIC
|CET||1||DE||Großschweidnitz|Grossschweidnitz||||510419N|29|143756E|||||8010148|UIC
|CET||1||DE||Dresden-Stetzsch Am Urnenfeld|Dresden-Stetzsch Am Urnenfeld||||510457N|29|133907E|||||8071087|UIC
|CET||1||DE||Neukirch(Lausitz)West Zur dt Eiche|Neukirch(Lausitz)West Zur Dt Eiche||||510551N|29|141724E|||||8071581|UIC
|CET||1||DE||Seebach(b Mühl.) Ort|Seebach(B Muhl.) Ort||||510951N|29|103046E|||||8089141|UIC
|CET||1||DE||Niesky Horkaer Straße|Niesky Horkaer Strasse||||511733N|29|144936E|||||8070900|UIC
|CET||1||DE||Dingelstädt ZOB|Dingelstadt Zob||||511900N|29|101901E|||||8087005|UIC
|CET||1||DE||Leipzig K-Eisner-/A-Hoffmann-Straße|Leipzig K-Eisner-/A-Hoffmann-Strasse||||511914N|29|122242E|||||8071073|UIC
|CET||1||DE||Leipzig G-Schumann-/Lindenthaler Straße|Leipzig G-Schumann-/Lindenthaler Strasse||||512144N|29|122155E|||||8071076|UIC
|CET||1||DE||Lutterberg Kirchstraße|Lutterberg Kirchstrasse||||512222N|29|093651E|||||8071093|UIC
|CET||1||DE||Lutterberg Göttinger Straße|Lutterberg Gottinger Strasse||||512224N|29|093655E|||||8071092|UIC
|CET||1||DE||Leipzig Messeverwaltung|Leipzig Messeverwaltung||||512342N|29|122340E|||||8071074|UIC
|CET||1||DE||Wengern Ost|Wengern Ost||||512357N|29|072103E|||||8070571|UIC
|CET||1||DE||Hattingen(Ruhr) EBD|HATTINGEN (RUHR)||||512403N|29|071010E|||||8070427|UIC
|CET||1||DE||Blankenstein(Ruhr) Haus Kemnade|Blankenstein(Ruhr) Haus Kemnade||||512422N|29|071502E|||||8070328|UIC
|CET||1||DE||Hattingen(Ruhr) Henrichshütte|Hattingen(Ruhr) Henrichshutte||||512431N|29|071054E|||||8070434|UIC
|CET||1||DE||Blankenstein(Ruhr) Burg|Blankenstein(Ruhr) Burg||||512432N|29|071349E|||||8070327|UIC
|CET||1||DE||Ruine Hardenstein Hp|Ruine Hardenstein Hp||||512514N|29|071804E|||||8070523|UIC
|CET||1||DE||Witten-Bommern Hp|Witten-Bommern Hp||||512528N|29|072024E|||||8070576|UIC
|CET||1||DE||Herbede|Herbede||||512531N|29|071652E|||||8070435|UIC
|CET||1||DE||Bochum-Dahlhausen EBD|Bochum-Dahlhausen Ebd||||512535N|29|070827E|||||8070331|UIC
|CET||1||DE||Witten Zeche Nachtigall|Witten Zeche Nachtigall||||512545N|29|071911E|||||8071540|UIC
|CET||1||DE||Hoyerswerda-Neustadt Ziolkowskistraße|Hoyerswerda-Neustadt Ziolkowskistrasse||||512545N|29|141624E|||||8071702|UIC
|CET||1||DE||Bochum-Dahlhausen Eisenbahnmuseum|Bochum-Dahlhausen Eisenbahnmuseum||||512556N|29|070723E|||||8070332|UIC
|CET||1||DE||Essen Hbf (ZOB)|Essen Hbf (Zob)||||512702N|29|070047E|||||8089324|UIC
|CET||1||DE||Bochum Hbf (Buddenbergplatz)|Bochum Hbf (Buddenbergplatz)||||512838N|29|071328E|||||8070979|UIC
|CET||1||DE||Halle(Saale)Hbf Gl. 13a|Halle(Saale)Hbf Gl. 13A||||512843N|29|115915E|||||8098159|UIC
|CET||1||DE||Hohenthurm Mölbitzer Weg|Hohenthurm Molbitzer Weg||||513048N|29|120547E|||||8071078|UIC
|CET||1||DE||Brehna Markt|Brehna Markt||||513326N|29|121245E|||||8071739|UIC
|CET||1||DE||Friesdorf|Friesdorf||||513521N|29|111807E|||||8011586|UIC
|CET||1||DE||Klostermansfeld Randsiedlung|Klostermansfeld Randsiedlung||||513527N|29|112954E|||||8010204|UIC
|CET||1||DE||Friesdorf Ost|Friesdorf Ost||||513552N|29|111925E|||||8011587|UIC
|CET||1||DE||Vatteröder Teich|Vatteroder Teich||||513553N|29|112443E|||||8079152|UIC
|CET||1||DE||Mansfeld(Südharz)|Mansfeld(Sudharz)||||513601N|29|112707E|||||8012300|UIC
|CET||1||DE||Gräfenstuhl-Klippmühle|Grafenstuhl-Klippmuhle||||513607N|29|112415E|||||8011685|UIC
|CET||1||DE||Biesenrode|Biesenrode||||513614N|29|112305E|||||8011187|UIC
|CET||1||DE||Bad Schmiedeberg Süd|Bad Schmiedeberg Sud||||514011N|29|124333E|||||8011083|UIC
|CET||1||DE||Cottbus-Merzdorf Industriegelände|Cottbus-Merzdorf Industriegelande||||514605N|29|142149E|||||8079716|UIC
|CET||1||DE||Cottbus-Willmersdorf Möbeldorf|Cottbus-Willmersdorf Mobeldorf||||514844N|29|142320E|||||8079717|UIC
|CET||1||DE||Jänschwalde Dorf|Janschwalde Dorf||||515142N|29|142956E|||||8079737|UIC
|CET||1||DE||Lutherstadt Wittenberg Arbeitsamt|Lutherstadt Wittenberg Arbeitsamt||||515213N|29|123811E|||||8071055|UIC
|CET||1||DE||Jänschwalde Ost (Bus)|Janschwalde Ost (Bus)||||515231N|29|143239E|||||8079738|UIC
|CET||1||DE||Straach Alte Schule|Straach Alte Schule||||515726N|29|123536E|||||8071056|UIC
|CET||1||DE||Neißemünde-Wellmitz Bahnhof|Neissemunde-Wellmitz Bahnhof||||520357N|29|144248E|||||8079777|UIC
|CET||1||DE||Grunow(Nl) Dorf|Grunow(Nl) Dorf||||520928N|29|142330E|||||8080981|UIC
|CET||1||DE||Ziltendorf Kreuzung|Ziltendorf Kreuzung||||521222N|29|143726E|||||8079781|UIC
|CET||1||DE||Wiesenau Dorfstraße|Wiesenau Dorfstrasse||||521350N|29|143528E|||||8079778|UIC
|CET||1||DE||Finkenheerd Lindenstraße|Finkenheerd Lindenstrasse||||521543N|29|143443E|||||8079725|UIC
|CET||1||DE||Blankenfelde Mozartweg|Blankenfelde Mozartweg||||522014N|29|132452E|||||8079711|UIC
|CET||1||DE||Fürstenwalde ZOB|Furstenwalde Zob||||522200N|29|140331E|||||8079727|UIC
|CET||1||DE||Erkner ZOB|Erkner Zob||||522543N|29|134511E|||||8079722|UIC
|CET||1||DE||Falkensee ZOB|Falkensee Zob||||523337N|29|130519E|||||8079724|UIC
|CET||1||DE||Schwante An der Kirche|Schwante An Der Kirche||||524403N|29|130517E|||||8081563|UIC
|CET||1||DE||Nassenheide B96/Teerofener Weg|Nassenheide B96/Teerofener Weg||||524841N|29|131326E|||||8070967|UIC
|CET||1||DE||Löwenberg Kirche|Lowenberg Kirche||||525355N|29|130908E|||||8079637|UIC
|CET||1||DE||Chorin Dorf|Chorin Dorf||||525408N|29|135218E|||||8079715|UIC
|CET||1||DE||Dannenwalde(Gransee) Kirche|Dannenwalde(Gransee) Kirche||||530447N|29|131109E|||||8070962|UIC
|CET||1||DE||Bremen Hbf ZOB (Breitenweg)|Bremen Hbf Zob (Breitenweg)||||530456N|29|084836E|||||8076130|UIC
|CET||1||DE||Oldenburg(Oldb) ZOB (Karlstraße)|Oldenburg(Oldb) Zob (Karlstrasse)||||530844N|29|081319E|||||8089498|UIC
|CET||1||DE||Rheinsberg Stechlinsee|Rheinsberg Stechlinsee||||530856N|29|125908E|||||8071096|UIC
|CET||1||DE||Leer(Ostfriesl) ZOB/Bahnhof|Leer(Ostfriesl) Zob/Bahnhof||||531351N|29|072752E|||||8070205|UIC
|CET||1||DE||Plau am See Bahnhof|Plau Am See Bahnhof||||532736N|29|121521E|||||8012644|UIC
|CET||1||DE||Lübz|Lubz||||532800N|29|120131E|||||8012265|UIC
|CET||1||DE||Plau-Quetzin|Plau-Quetzin||||533022N|29|121531E|||||8070944|UIC
|CET||1||DE||Passow(Meckl)|Passow (Meckl)||||533028N|29|120313E|||||8012612|UIC
|CET||1||DE||Karow(Meckl)|Karow(Meckl)||||533224N|29|121620E|||||8010188|UIC
|CET||1||DE||Neubrandenburg ZOB|Neubrandenburg Zob||||533340N|29|131532E|||||8089305|UIC
|CET||1||DE||Norden KOF|Norden Kof||||533517N|29|071308E|||||8070503|UIC
|CET||1||DE||Krakow am See(Meckl)|Krakow Am See(Meckl)||||533904N|29|121553E|||||8012091|UIC
|CET||1||DE||Altentreptow ZOB|Altentreptow Zob||||534131N|29|131436E|||||8079706|UIC
|CET||1||DE||Pogeez|Pogeez||||534513N|29|104340E|||||8004850|UIC
|CET||1||DE||Ducherow Gaststätte|Ducherow Gaststatte||||534553N|29|134641E|||||8079719|UIC
|CET||1||DE||Gnevkow Wendeschleife|Gnevkow Wendeschleife||||534717N|29|131002E|||||8079728|UIC
|CET||1||DE||Bobitz Schule|Bobitz Schule||||534806N|29|112130E|||||8079712|UIC
|CET||1||DE||Sternfeld Ort|Sternfeld Ort||||534945N|29|130954E|||||8079769|UIC
|CET||1||DE||Lübeck Alexander-Fleming-Straße|Lubeck Alexander-Fleming-Strasse||||534954N|29|104128E|||||8071067|UIC
|CET||1||DE||Dorf Mecklenburg B106|Dorf Mecklenburg B106||||535030N|29|112733E|||||8071525|UIC
|CET||1||DE||Utzedel Gaststätte|Utzedel Gaststatte||||535126N|29|130735E|||||8079774|UIC
|CET||1||DE||Lübeck ZOB/Hbf|Lubeck Zob/Hbf||||535157N|29|104014E|||||8089404|UIC
|CET||1||DE||Kalsow Abzweig B105|Kalsow Abzweig B105||||535456N|29|113504E|||||8079739|UIC
|CET||1||DE||Hagebök Neubau B105|Hagebok Neubau B105||||535738N|29|113656E|||||8079731|UIC
|CET||1||DE||Teschow Gaststätte|Teschow Gaststatte||||535938N|29|113813E|||||8079771|UIC
|CET||1||DE||Rakow Alte Schule|Rakow Alte Schule||||540251N|29|130254E|||||8079758|UIC
|CET||1||DE||Reddelich Gaststätte|Reddelich Gaststatte||||540510N|29|115059E|||||8079760|UIC
|CET||1||DE||Greifswald ZOB|Greifswald Zob||||540537N|29|132211E|||||8089306|UIC
|CET||1||DE||Martensdorf B105|Martensdorf B105||||541801N|29|125549E|||||8087033|UIC
|CET||1||DE||Stralsund Krankenhaus West|Stralsund Krankenhaus West||||541814N|29|130242E|||||8079770|UIC
|CET||1||DE||Kiel-Ellerbek|Kiel-Ellerbek||||541850N|29|101009E|||||8003259|UIC
|CET||1||DE||Kiel-Oppendorf|Kiel-Oppendorf||||541933N|29|101229E|||||8003260|UIC
|CET||1||DE||Rambin(Rügen) Hauptstraße|Rambin(Rugen) Hauptstrasse||||542116N|29|131216E|||||8079759|UIC
|CET||1||DE||Ostseebad Binz Busbf|Ostseebad Binz Busbf||||542402N|29|133629E|||||8089308|UIC
|CET||1||DE||Prora Ost Poststraße|Prora Ost Poststrasse||||542600N|29|133422E|||||8079755|UIC
|CET||1||DE||Prora Nord|Prora Nord||||542631N|29|133359E|||||8079754|UIC
|CET||1||DE||Lietzow B96|Lietzow B96||||542850N|29|133021E|||||8079744|UIC
|CET||1||DE||Sassnitz ZOB|Sassnitz Zob||||543059N|29|133823E|||||8079540|UIC
