ATAAH|ST.POELTEN HBF|8101032|N|J
ATAAO|WELS HBF|8101081|J|J
ATAAU|VOECKLABRUCK|8101093|N|J
ATAAY|VOECKLAMARKT|8101098|N|J
ATABA|STRASSWALCHEN|8101104|N|J
ATABD|SEEKIRCHEN/WALLERSEE|8101110|N|J
ATABE|HALLWANG-ELIXHAUSEN|8101112|N|J
ATABH|SCHAERDING|8192774|J|N
ATABO|MOEDLING|8160950|J|N
ATABR|WIENER NEUSTADT HBF|8103126|N|J
ATABU|PAYERBACH-REICHENAU|8103135|N|J
ATABY|STEINHAUS AM SEMMERI|8160390|J|N
ATACA|MUERZZUSCHLAG|8150029|J|N
ATACA|MUERZZUSCHLAG|8103144|N|J
ATACC|MITTERDORF-VEITSCH|8103149|N|J
ATACG|PERNEGG/MUR|8103161|N|J
ATACH|MIXNITZ-BAERENS.KLAMM|8103162|N|J
ATACI|FROHNLEITEN|8103164|J|J
ATACJ|PEGGAU-DEUTSCHFEIST.|8103166|N|J
ATACL|JUDENDORF-STRASSENGEL|8175902|J|N
ATACQ|VILLACH ST.RUPRECHT|8181990|J|N
ATACQ|VILLACH ST.RUPRECHT|8103814|N|J
ATACS|OSSIACH-BODENSDORF|8103810|N|J
ATACT|STEINDORF/OSSIA.SEE|8103809|N|J
ATACU|FELDKIRCHEN(KAERNTEN)|8103807|N|J
ATACX|ST. JOHANN IM PONGAU|8101136|N|J
ATADB|LEOGANG|8101150|J|J
ATADE|WESTENDORF IN TIROL|8147974|J|N
ATADF|VOELS|8145350|J|N
ATADH|TELFS-PFAFFENHOFEN|8101198|N|J
ATADJ|SILZ IM OBERINNTAL|8101202|N|J
ATADL|SCHOENWIES|8101210|N|J
ATADQ|ST. MICHAEL|8101650|J|J
ATADY|ST.VEIT/GLAN|8103633|N|J
ATADZ|POERTSCHACH A.W.|8103648|N|J
ATAEA|VELDEN AM WOERTHERSEE|8103650|N|J
ATAEB|FOEDERLACH|8103652|N|J
ATAEE|ROSENBACH|8102143|J|J
ATAEF|FAAK AM SEE|8102139|N|J
ATAEI|WEISSENSTEIN-KELLERBG|8102134|N|J
ATAEJ|PATERNION-FEISTRITZ|8102129|N|J
ATAEL|SPITTAL-MILLST.SEE|8102128|N|J
ATAET|BOECKSTEIN|8102119|N|J
ATAEX|DORFGASTEIN|8102113|J|J
ATAFC|STEINACH IN TIROL|8143974|J|N
ATAFC|STEINACH IN TIROL|8102264|N|J
ATAFE|INNSBRUCK HOETTING|8102221|N|J
ATAFF|HOCHZIRL|8102225|J|J
ATAFI|SEEFELD IN TIROL|8102228|N|J
ATAFM|SCHRUNS|8102308|J|J
ATAFN|TSCHAGGUNS|8102307|J|J
ATAGA|MAUTERN/LIESINGTAL|8120862|J|N
ATAGC|WALD AM SCHOBERPASS|8136862|J|N
ATAGC|WALD AM SCHOBERPASS|8101641|N|J
ATAGE|TRIEBEN|8101637|J|J
ATAGK|OEBLARN|8101466|N|J
ATAGM|HAUS IM ENNSTAL|8129662|J|N
ATAGR|EBEN IM PONGAU|8101479|N|J
ATAGS|HUETTAU|8101481|N|J
ATAGT|POEHAM|8101482|N|J
ATAHA|DELLACH IM DRAUTAL|8103868|N|J
ATAHE|KLEBLACH-LIND|8103864|J|J
ATAHF|MOELLBRUECKE-SACHSENBG|8103862|N|J
ATAHJ|SELZTHAL|8101457|J|J
ATAHL|ULMERFELD-HAUSMENING|8126870|J|N
ATAHL|ULMERFELD-HAUSMENING|8101431|N|J
ATAHM|GMUNDEN|8101924|J|J
ATAHP|ROSENAU/YBBS|8154710|J|N
ATAHP|ROSENAU/YBBS|8101434|N|J
ATAHR|EBENSEE LANDUNGSPL.|8101928|N|J
ATAHR|EBENSEE LANDUNGSPL.|8302114|N|J
ATAHU|WEYER|8101441|J|J
ATAHX|MITTERWEISSENBACH|8101933|N|J
ATAIE|GSTATTERBODEN I. N.|8101451|N|J
ATAIK|OBERTRAUN-DACHSTEINH|8101942|N|J
ATAIY|SCHLIERBACH/KREMS|8161990|J|N
ATAIY|SCHLIERBACH/KREMS|8101616|N|J
ATAIZ|KIRCHDORF/KREMS|8101618|J|J
ATAJB|KLAUS/PYHRNBAHN|8150171|J|N
ATAJB|KLAUS/PYHRNBAHN|8101622|N|J
ATAJE|WINDISCHGARSTEN|8101629|J|J
ATAJH|GRAZ OSTBAHNHOF-MESS|8172222|J|N
ATAJH|GRAZ OSTBAHNHOF-MESS|8103491|N|J
ATAJL|FELDBACH/RAAB|8103503|N|J
ATAJN|SOECHAU|8153102|J|N
ATAJO|FUERSTENFELD|8140862|J|N
ATAJO|FUERSTENFELD|8103338|N|J
ATAJP|BIERBAUM/SAFEN|8103334|N|J
ATAJS|HARTBERG|8103326|J|J
ATAKB|FRIEDBERG IN STMK|8103319|N|J
ATAKD|TAUCHEN-SCHAUEREGG|8103316|N|J
ATAKG|EDLITZ-GRIMMENSTEIN|8157662|J|N
ATAKG|EDLITZ-GRIMMENSTEIN|8103310|N|J
ATAKH|SCHEIBLINGKIR.-WARTH|8130790|J|N
ATAKH|SCHEIBLINGKIR.-WARTH|8103308|N|J
ATAKO|STUDENZEN-FLADNITZ|8103500|N|J
ATAKT|GOEPFRITZ|8102442|N|J
ATAKY|TULLN|8102419|J|J
ATALA|INNSBRUCK HBF|8101187|J|J
ATAMF|ST ANTON IM MONTAFON|8102303|N|J
ATANT|ST. ANTON AM ARLBERG|8101222|N|J
ATBAH|BERGERN AM HAUSRUCK|8173262|J|N
ATBAH|BERGERN AM HAUSRUCK|8101904|N|J
ATBAU|BAUMGARTEN|8103216|N|J
ATBBG|BLEIBURG|8103825|J|J
ATBBH|BREITENEICH B.HORN|8181262|J|N
ATBBH|BREITENEICH B.HORN|8102523|N|J
ATBBI|BREITENBRUNN IM BGLD|8103009|N|J
ATBBW|BREITENAICH B.WELS|8101753|N|J
ATBGG|BLEIBURG(GR)|7943504|N|J
ATBLS|BLEIBURG STADT|8103826|J|J
ATBLU|BLUDENZ|8101230|J|J
ATBME|BRUNN-MARIA ENZERSD.|8103112|N|J
ATBOE|BOEHEIMKIRCHEN|8101029|N|J
ATBOW|BOEHLERWERK|8191662|J|N
ATBOW|BOEHLERWERK|8101436|N|J
ATBRP|BRUNN/PITTEN|8103303|N|J
ATBRR|BREGENZ RIEDENBURG|8188302|J|N
ATBRR|BREGENZ RIEDENBURG|8102335|N|J
ATBSB|BRUNN/SCHNEEBERGBAHN|8103050|N|J
ATBSF|BERGHEIM SCHLACHTHOF|8152390|J|N
ATBTE|BRIXEN IM THALE|8101164|N|J
ATBUE|BUERMOOS|8102076|N|J
ATCHB|SCHLEINBACH|8102871|J|J
ATDEW|DEUTSCH WAGRAM|8102812|J|J
ATDFE|DORF/ENNS|8101527|N|J
ATDHS|DIENSTHUBERSIEDLUNG|8185430|J|N
ATDNB|DUERNBERG|8101664|N|J
ATDNK|DUERNKRUT|8102821|N|J
ATDOE|DOELSACH|8103872|N|J
ATDOG|DORNACH B.GREIN|8137342|J|N
ATDOG|DORNACH B.GREIN|8102502|N|J
ATDRW|DUERRWIEN|8101017|N|J
ATDSG|DROESING|8168142|J|N
ATDSG|DROESING|8102824|N|J
ATECH|ECHING B.BUERMOOS|8186142|J|N
ATEIG|EMMERSDORF I GAILTAL|8122942|J|N
ATEIG|EMMERSDORF I GAILTAL|8103902|N|J
ATEKS|WIEN ERZHERZ-KARL-ST|8102890|N|J
ATELS|ELSBETHEN|8101123|J|J
ATENN|ENNSDORF|8101063|J|J
ATENZ|ENZERSDORF B.STAATZ|8102882|N|J
ATERN|ERNSTHOFEN/ENNS|8138942|J|N
ATERN|ERNSTHOFEN/ENNS|8101526|N|J
ATETS|ETSDORF-STRASS|8130942|J|N
ATETS|ETSDORF-STRASS|8102470|N|J
ATFAW|FELS AM WAGRAM|8148382|J|N
ATFAW|FELS AM WAGRAM|8102468|N|J
ATFBB|FIEBERBRUNN|8101155|J|J
ATFBG|FRAUENTAL-BAD GAMS|8157342|J|N
ATFBM|FURTH B.MATTIGHOFEN|8102048|N|J
ATFGF|FLUGH. GRAZ-FELDK.|8103176|N|J
ATFGO|FURTH-GOETTWEIG|8102552|N|J
ATFIK|FERNDORF IN KAERNTEN|8102131|N|J
ATFKA|FELDKIRCH AMBERG|8102321|N|J
ATFOR|FORST HILTI|8101237|N|J
ATFRD|FRAETTINGSDORF|8102881|N|J
ATFSG|FRANTSCHACH-ST.GERTR|8103714|N|J
ATFSL|FENTSCH-ST. LORENZEN|8103611|N|J
ATFUG|FUEGEN-HART IM ZILLERTAL|8150242|J|N
ATFUG|FUEGEN-HART IM ZILLERTAL|4102206|N|J
ATFUN|FUERNITZ|8103659|N|J
ATFWN|FLUGHAFEN WIEN|8102924|J|J
ATGAE|GAENSERNDORF|8102816|N|J
ATGAL|GRUENAU IM ALMTAL|8101834|N|J
ATGAS|GRUENBACH AM SCHNEEB.|8103057|N|J
ATGBG|GROEBMING|8101468|N|J
ATGBS|GAISRUCK B.STOCKERAU|8102463|N|J
ATGBT|GOLLING-ABTENAU|8101128|J|J
ATGDR|GERASDORF|8102865|J|J
ATGEF|GRIESFELD|8172622|J|N
ATGEM|GEMEINLEBARN|8101288|J|J
ATGFL|GOERTSCHACH-FOEROLACH|8103904|N|J
ATGGU|ST.GEORGEN/GUSEN|8101595|J|J
ATGIK|GLANEGG IN KAERNTEN|8163022|J|N
ATGIK|GLANEGG IN KAERNTEN|8103804|N|J
ATGKA|GUNTRAMSD. KAISERAU|8103037|N|J
ATGKO|GRUENBACH KOHLENWERK|8139022|J|N
ATGKO|GRUENBACH KOHLENWERK|8103058|N|J
ATGKR|GROSSRAMING KRAFTWERK|8101540|N|J
ATGLD|GOELLERSDORF|8102658|N|J
ATGLF|GLEISSENFELD|8103307|N|J
ATGNB|GEINBERG|8101791|J|J
ATGOE|GROSS ENGERSDORF|8102738|N|J
ATGOF|GOEDERSDORF|8102137|N|J
ATGOS|GROSS SCHWEINBARTH|8102743|N|J
ATGPI|GRIES IM PINZGAU|8101143|J|J
ATGPP|GOPPERDING|8101739|J|J
ATGRE|GREIFENSTEIN-ALTENB.|8139342|J|N
ATGRF|GRAFENDORF/HARTBERG|8103323|N|J
ATGRG|GRIESKIRCHEN-GALLSP.|8101726|N|J
ATGRN|GROSSRAMING|8133422|J|N
ATGRO|GROSS SIERNING|8101039|N|J
ATGRS|GRIES|8102266|J|J
ATGSS|GROSSENDORF|8164382|J|N
ATGSU|GRUENBACH SCHULE|8138230|J|N
ATGSU|GRUENBACH SCHULE|8103059|N|J
ATGTH|GUNTRAMSDORF-THALLER|8103114|N|J
ATGTU|GARS-THUNAU|8102518|J|J
ATGUB|GUGGENBACH|8143022|J|N
ATGUO|GURTEN OOE|8101790|N|J
ATGWD|GROSSWEIKERSDORF|8135822|J|N
ATGZF|GOETZENDORF/LEITHA|8194542|J|N
ATGZW|GRAZ WETZELSDORF|8127822|J|N
ATHAT|HATLERDORF(DORNBIRN)|8102328|N|J
ATHAU|HAINBURG UNGARTOR|8102936|J|J
ATHAW|HART-WOERTH|8101329|N|J
ATHBD|HOEBERSDORF|8102656|N|J
ATHBW|HENNERSDORF B.WIEN|8121502|J|N
ATHBW|HENNERSDORF B.WIEN|8103192|N|J
ATHDK|HAINBURG/DONAU KULT|8102934|N|J
ATHDO|HASLAU/DONAU|8181502|J|N
ATHFH|HARD-FUSSACH|8102351|J|J
ATHFL|HOEFLEIN/DONAU|8171902|J|N
ATHFL|HOEFLEIN/DONAU|8102413|N|J
ATHFZ|HOCHFILZEN|8101153|J|J
ATHGB|HOENIGSBERG|8103146|N|J
ATHIG|HIRSCHBACH B.GMUEND|8102448|N|J
ATHII|HAGENAU IM INNKREIS|8101795|N|J
ATHIM|HAGENDORF IM MURTAL|8154230|J|N
ATHLN|HALLEIN|8101125|J|J
ATHRN|HORN NO|8102522|N|J
ATHSM|HASLACH/MUEHL|8101676|N|J
ATHTH|WIEN HUETTELDORF|8101008|N|J
ATHZD|HAUTZENDORF|8102872|J|J
ATHZM|HETZMANNSDF.-WULLERS|8102663|N|J
ATHZW|HERZOGENBURG-WIELAN.|8102557|N|J
ATIAE|WINDEN AM SEE|8103008|J|J
ATINF|INNSBRUCK FRANZFISCH|8192302|J|N
ATINZ|INZING/INN|8143902|J|N
ATIRS|IRSCHEN IN KAERNTEN|8127902|J|N
ATIRS|IRSCHEN IN KAERNTEN|8103869|N|J
ATJDH|ST JOHANN I D HAIDE|8172862|J|N
ATJDH|ST JOHANN I D HAIDE|8103325|N|J
ATJED|JEDENSPEIGEN|8102822|J|J
ATJOH|JOHNSBACH I. N.|8101452|N|J
ATKAD|KALKOEFEN-DACHSBERG|8193582|J|N
ATKAD|KALKOEFEN-DACHSBERG|8101754|N|J
ATKAG|KALSDORF B.GRAZ|8103177|N|J
ATKAK|KAPPEL AM KRAPPFELD|8125582|J|N
ATKAL|KALTENBACH-STUMM IM ZILLERTAL|8102210|N|J
ATKAL|KALTENBACH-STUMM IM ZILLERTAL|4102210|N|J
ATKBE|KARLING B.EFERDING|8101759|N|J
ATKBG|KINDBERG|8103151|J|J
ATKBL|KIRCHBICHL|8102181|J|J
ATKDG|KLEDERING B.WIEN|8151051|J|N
ATKDG|KLEDERING B.WIEN|8102963|N|J
ATKFH|KAPFENBERG FHS|8103154|N|J
ATKIL|KAMMERN IM LIESINGT.|8171982|J|N
ATKIL|KAMMERN IM LIESINGT.|8101647|N|J
ATKIT|KITZBUEHEL|8123974|J|N
ATKIW|KIRCHBERG AM WAGRAM|8102467|N|J
ATKIZ|KAPFING IM ZILLERTAL|8168782|J|N
ATKLO|KLAGENFURT OSTBF|8103641|N|J
ATKLZ|KLEINZELL|8101672|J|J
ATKOK|KLOSTERNEUBG KIERLG.|8102410|N|J
ATKOR|DB KORRIDOR|8107200|N|N
ATKOT|KOTHMUEHLE|8172782|J|N
ATKOT|KOTHMUEHLE|8101832|N|J
ATKPF|KAPFENBERG|8103155|J|J
ATKSE|KITTSEE|8103002|J|J
ATKSG|KITTSEE(GR)|5610046|N|J
ATKUF|KUFSTEIN|8102184|J|J
ATKUF|KUFSTEIN|8102184|J|J
ATKUF|KUFSTEIN|8003475|N|J
ATKUM|KUMPFMUEHL|8187982|J|N
ATKUM|KUMPFMUEHL|8101732|N|J
ATKZS|KITZBUEHEL SCHWARZSEE|8101162|N|J
ATLBK|LEOBENDORF-BURG KREU|8102651|N|J
ATLEI|LEITHEN B.SEEFELD|8194782|J|N
ATLEI|LEITHEN B.SEEFELD|8102226|N|J
ATLEO|LENZING ORT|8102013|J|J
ATLER|LENDORF IM DRAUTAL|8103861|N|J
ATLIM|LACKEN IM MUEHLKREIS|8167982|J|N
ATLIM|LACKEN IM MUEHLKREIS|8101668|N|J
ATLPD|WIEN LEOPOLDAU|8102808|J|J
ATLSB|LEOGANG-STEINBERGE|8101149|N|J
ATLTH|ALTACH|8102326|J|J
ATLUG|LUNGITZ/GUSEN|8125670|J|N
ATLUG|LUNGITZ/GUSEN|8101593|N|J
ATMAB|MAUTBRUECKEN|8103805|N|J
ATMAO|MAUER-OEHLING|8144950|J|N
ATMAO|MAUER-OEHLING|8101053|N|J
ATMBH|MISTELBACH|8102877|J|J
ATMET||8129734|J|N
ATMET||8152003|J|N
ATMET||8150454|J|N
ATMHN|MAUTHAUSEN|8101523|J|J
ATMOD|MOELLERSDORF|8192950|J|N
ATMOE|MOELLERSDF ASPANGBAHN|8103038|N|J
ATMOG|MOGERSDORF|8103510|J|J
ATMOO|MOOSBIERBAUM-HEILIG.|8133022|J|N
ATMOO|MOOSBIERBAUM-HEILIG.|8101291|N|J
ATMOZ|MOETZ|8101201|N|J
ATMPL|MUEHLING-PLAIKA|8170230|J|N
ATMUD|MUNDERFING DAMPFSAEGE|8121342|J|N
ATMUI|MUEHLHEIM AM INN|8146550|J|N
ATMUW|MUCKENDORF-WIPFING|8138550|J|N
ATMWI|MUENSTER-WIESING|8101175|N|J
ATNUE|NUEZIDERS|8157750|J|N
ATNUE|NUEZIDERS|8101231|N|J
ATOBE|OBERNBERG-ALTHEIM|8101792|J|J
ATOBO|OBER OLBERNDORF|8102654|J|J
ATOBP|OBERPIESTING|8103237|N|J
ATOBS|OBERASCHACH|8197750|J|N
ATOED|OED/PIESTING|8103240|N|J
ATOEP|OEPPING|8101678|N|J
ATOFT|OFTERING|8101078|J|J
ATOHS|OBERHART B.SATTLEDT|8101804|N|J
ATOHT|OBERSDORF NO (STG1-2)|8102868|N|J
ATOII|OBERHOFEN IM INNTAL|8152053|J|N
ATOIT|OBERNDORF IN TIROL|8182150|J|N
ATOIT|OBERNDORF IN TIROL|8101159|N|J
ATOKO|OBERTRAUN-KOPPENBR.|8175350|J|N
ATOKO|OBERTRAUN-KOPPENBR.|8101943|N|J
ATOMH|OBERTRATT.-MARKT HO.|8101727|N|J
ATONO|OBERSDORF NO (STG 3)|8101304|N|J
ATORL|OBERRADLBERG|8101282|J|J
ATORT|ORTMANN|8103242|J|J
ATOSJ|OISNITZ-ST.JOSEF|8184230|J|N
ATOTI|OBERTHALH.-TIMELKAM|8192230|J|N
ATOTW|OTTNANG-WOLFSEGG|8101903|J|J
ATOTZ|OETZTAL|8101204|N|J
ATOWD|OBERWALTERSDORF|8145030|J|N
ATOWD|OBERWALTERSDORF|8103041|N|J
ATPAN|PURBACH AM NEUSIEDL.|8177182|J|N
ATPBS|PUERBACH-SCHREMS|8102449|N|J
ATPCA|PETRONELL-CARNUNTUM|8160382|J|N
ATPDF|PARNDORF|8102976|J|J
ATPER|PERCHTOLDSDORF|8103111|J|J
ATPFR|PFAFFSTAETTEN RENNPL.|8162630|J|N
ATPFT|PFAFFSTAETTEN|8178630|J|N
ATPIL|PILLICHSDORF|8102737|J|J
ATPIM|PENK IM MOELLTAL|8122630|J|N
ATPIS|PICHL B.SCHLADMING|8131430|J|N
ATPIS|PICHL B.SCHLADMING|8101474|N|J
ATPKI|PETERSKIRCHEN|8101784|J|J
ATPLA|PLANK/KAMP|8187430|J|N
ATPLA|PLANK/KAMP|8102516|N|J
ATPNK|PINKAFELD SCHULE|8102014|N|J
ATPNS|PINSDORF|8101923|J|J
ATPON|POTTENSTEIN/TRIESTIN|8101323|N|J
ATPOT|PARNDORF ORT|8102975|J|J
ATPRO|PROTTES|8102773|J|J
ATPRS|PREBLAU-SAUERBRUNN|8103711|N|J
ATPSA|PURKERSDORF SANATOR.|8101011|N|J
ATPSB|PUCHBERG A SCHNEEBG.|8151403|J|N
ATPSB|PUCHBERG A SCHNEEBG.|8103061|N|J
ATPTB|PETTENBACH|8101827|J|J
ATPUG|PUERGG|8101950|N|J
ATPUK|PURKERSDORF-GABLITZ|8198630|J|N
ATPUK|PURKERSDORF-GABLITZ|8101013|N|J
ATPZM|PERNITZ-MUGGENDORF|8103243|N|J
ATPZR|PERNITZ RAIMUNDVIER.|8103246|N|J
ATPZW|PERNITZ WIPFELHOFSTR|8103245|N|J
ATRDB|RIEDERSBACH|8194570|J|N
ATRDU|RIEDAU|8101733|J|J
ATREK|REKAWINKEL|8101018|J|J
ATRHA|RAMINGDF.-HAIDERSHF.|8101528|N|J
ATRIE|RIED IM INNKREIS|8150405|J|N
ATRIE|RIED IM INNKREIS|8101785|N|J
ATRIZ|RIED IM ZILLERTAL|8150406|J|N
ATRKS|RATTENBERG-KRAMSACH|8124302|J|N
ATRKS|RATTENBERG-KRAMSACH|8101173|N|J
ATRMZ|RAMSAU/ZILLERTAL|8102214|N|J
ATROG|ROHRBACH/GOELSEN|8153910|J|N
ATROG|ROHRBACH/GOELSEN|8101313|N|J
ATROH|ROTHENTHURN|8102130|J|J
ATROK|ROHRENDORF B.KREMS|8186710|J|N
ATROK|ROHRENDORF B.KREMS|8102473|N|J
ATROS|ROSENBURG|8102520|J|J
ATROT|ROTTENEGG|8101667|J|J
ATRUF|RUFLING|8147510|J|N
ATSAC|SAN CANDIDO/INNICHEN(GR)|8103882|N|J
ATSAE|SCHLAEGL|8128390|J|N
ATSAL|SALZBURG HBF|8005263|N|J
ATSBA|SALZBURG AIGLHOF|8101005|J|J
ATSCE|SCHAUERSBERG|8101802|J|J
ATSCH|SCHEIBBS|8101421|J|J
ATSCL|SCHADENDORF/LIEBOCH|8147270|J|N
ATSFD|STEFANSDORF|8133910|J|N
ATSFG|SPIELFELD(GR)|7943454|N|J
ATSHB|STEINBACHBRUECKE|8183590|J|N
ATSHB|STEINBACHBRUECKE|8101829|N|J
ATSHF|STRASSHOF|8102813|J|J
ATSHS|SCHUETZEN HALTESTELLE|8136470|J|N
ATSIL|SILBERWALD|8102815|J|J
ATSIT|SITZENBERG-REIDLING|8141990|J|N
ATSJB|ST.JODOK AM BRENNER|8102265|N|J
ATSKG|STEINKOGL|8101930|N|J
ATSLA|ST.GEORGEN/LAENGSEE|8127510|J|N
ATSLE|SCHOENFELD-LASSEE|8102897|N|J
ATSLH|SCHLOSS HAUS|8101589|J|J
ATSLU|SCHLUESSLBERG|8101725|N|J
ATSMI|ST. MARTIN/INNKRS.|8101913|N|J
ATSML|ST.MICHAEL OB BLEIB|8103824|N|J
ATSMS|ST. MARTIN-SITTICH|8103806|N|J
ATSMT|ST.MARTIN B.TRAUN|8101601|N|J
ATSNS|ST. NIKOLA-STRUDEN|8190702|J|N
ATSOE|SOEDING-MOOSKIRCHEN|8139590|J|N
ATSOL|SOELLING|8101419|N|J
ATSOM|SCHOENBORN-MALLEBARN|8102657|N|J
ATSON|SONNTAGBERG|8101435|J|J
ATSPI|SPILLERN|8102652|J|J
ATSPL|ST. PAUL|8103720|J|J
ATSPO|ST.PANTALEON|8101524|J|J
ATSRT|STADT ROTTENMANN|8101634|J|J
ATSSA|STRASSHOF/ASCHACH|8120390|J|N
ATSST|SPIELFELD-STRASS|8103185|N|J
ATSSV|SCHWARZACH-ST. VEIT|8150044|J|N
ATSTD|STADL/MUR|8185182|J|N
ATSTG|ST GEORGEN A D G HST|8101594|N|J
ATSTH|STADT HAAG|8101059|J|J
ATSTL|STALLEGG|8102521|J|J
ATSTN|SCHAFTENAU|8102183|J|J
ATSTV|ST. VALENTIN|8101061|J|J
ATSUB|SUBEN|8101917|J|J
ATSUE|STUEBING|8103167|N|J
ATSUO|ST.URBAN/OSSIACHERS.|8135502|J|N
ATSUZ|SULZ-ROETHIS|8102323|N|J
ATSVT|ST.VEIT/TRIESTING|8101326|N|J
ATSVW|ST.VEIT/GLAN WESTBHF|8103800|N|J
ATSWB|SCHWALLENBACH|8129270|J|N
ATSWD|SCHAANWALD|8101241|N|J
ATSWZ|SCHWARZA|8103561|J|J
ATSZK|SALZBURG KASERN|8101113|J|J
ATSZS|SALZBURG SAM|8101118|J|J
ATSZT|STRASS/ZILLERTAL|8102203|N|J
ATTAF|TAUFKIRCHEN/PRAM|8101737|J|J
ATTAK|TAKERN-ST.MARGARETHE|8144222|J|N
ATTAK|TAKERN-ST.MARGARETHE|8103498|N|J
ATTAT|TATTENDORF|8103042|J|J
ATTAU|TAUCHENDORF-HAIDENS.|8103803|N|J
ATTBH|TASSENBACH|8103878|J|J
ATTEA|TREIBACH-ALTHOFEN|8103627|J|J
ATTEI|TEICHSTAETT|8102043|N|J
ATTER|TERFENS-WEER|8101181|J|J
ATTHA|THALHEIM-POELS|8149270|J|N
ATTHA|THALHEIM-POELS|8103616|N|J
ATTOE|TOESCHLING|8103649|N|J
ATTRI|TRIBUSWINKEL-JOSEFS.|8180470|J|N
ATTRS|TRAISKIRCHEN ASPANG.|8162070|J|N
ATTTL|TRAUTMANNSDORF/LEITH|8102970|N|J
ATTTT|TRATTENBACH/ENNS|8101537|N|J
ATTUL|TULLN/DONAU STADT|8182070|J|N
ATTUL|TULLN/DONAU STADT|8101297|N|J
ATUDE|UDERNS/ZILLERTAL|8102208|N|J
ATUDH|UTTENDORF-HELPFAU|8102049|J|J
ATUES|UEBERSBACH|8198070|J|N
ATUEV|UEBELBACH VORMARKT|8199670|J|N
ATUHS|UNTERHART B.SATTLEDT|8166870|J|N
ATUHS|UNTERHART B.SATTLEDT|8101805|N|J
ATUND|UNTEREGGENDORF|8103202|J|J
ATUNK|UNTER KRITZENDORF|8102411|J|J
ATUNS|UNTERBERG-STEFANSBR.|8183670|J|N
ATUNS|UNTERBERG-STEFANSBR.|8102261|N|J
ATURB|UNTERRADLBERG|8101283|J|J
ATUSD|URSCHENDORF|8103053|J|J
ATUUB|UNTERTULLNERBACH|8151713|J|N
ATVDS|VANDANS|8102304|J|J
ATVIT|VITIS|8102447|J|J
ATVKE|VOELKERMKT-KUEHNSDORF|8129822|J|N
ATVOB|VOLDERS-BAUMKIRCHEN|8101183|N|J
ATWAD|WALDEGG-DUERNBACH|8103248|N|J
ATWAE|WALDEGG/PIESTING|8103239|N|J
ATWAN|WIENER NEUSTADT ANEM|8103046|N|J
ATWAZ|WAIZENKIRCHEN|8153822|J|N
ATWBA|WANKHAM B.ATTNANG|8130150|J|N
ATWBA|WANKHAM B.ATTNANG|8101921|N|J
ATWBL|WALDING B.LINZ|8101666|N|J
ATWBS|WIEN BRUENNER STRASSE|8102642|N|J
ATWDD|WEIKENDORF-DOERFLES|8102817|N|J
ATWDR|WOLKERSDORF|8102869|J|J
ATWDS|WALDSTEIN|8143750|J|N
ATWEN|WEISSENBACH-NEUHAUS|8101321|N|J
ATWFD|WIEN HAUSFELDSTRASSE|8125502|J|N
ATWFD|WIEN HAUSFELDSTRASSE|8102889|N|J
ATWFH|WOLFSHUETTE|8101902|N|J
ATWGR|WIEN GRILLGASSE|8102961|J|J
ATWHA|WIEN HADERSDORF|8101009|J|J
ATWHI|WIEN HIRSCHSTETTEN|8102891|N|J
ATWHM|WILHELMSBURG/TRAISEN|8101305|N|J
ATWIF|WIEN FRANZ-JOSEFS-BF|8102401|N|J
ATWIH|WIEN HBF|8101003|N|J
ATWIX|WINDAU IM BRIXENTAL|8101166|N|J
ATWKA|WIEN KAISEREBERSDORF|8196222|J|N
ATWKR|WIEN KROTTENBACHSTR.|8101254|N|J
ATWLA|WIESENAU/LAVANTTAL|8103710|N|J
ATWLO|WIEN LOBAU|8102859|N|J
ATWMS|WIESMUEHLE B.SATTLEDT|8101823|N|J
ATWMZ|WIEN MATZLEINSD. PL.|8102848|N|J
ATWNA|WIEN NEUERLAA|8155350|J|N
ATWNC|WIENER NEUSTADT C.|8103204|N|J
ATWNN|WENG B.NEUMARKT|8101108|N|J
ATWNO|WIENER NEUSTADT NORD|8103125|N|J
ATWNU|WIEN NUSSDORF|8102407|N|J
ATWOB|WIEN OBERDOEBLING|8101255|N|J
ATWOR|WOERGL HBF|8101170|N|J
ATWSC|WIESENFELD-SCHWARZ.|8101310|N|J
ATWSI|WIEN SIEMENSSTRASSE|8102807|N|J
ATWSL|WELS LOKALBAHN|8101801|J|J
ATWSS|WIESEN-SIGLESS|8131422|J|N
ATWSS|WIESEN-SIGLESS|8103274|N|J
ATWTB|SCHWERTBERG|8102509|J|J
ATWUH|WULKAPRODERSDORF HST|8103017|N|J
ATWWB|WIEN WESTBF(NEUBAUG)|8151992|J|N
ATWZF|WEIZELSDORF|8103844|J|J
ATWZV|SCHWARZACH I VORARL.|8102332|N|J
ATZAS|ZELL AM SEE|8150048|J|N
ATZAS|ZELL AM SEE|8101145|N|J
ATZAZ|ZELL AM ZILLER|8138782|J|N
ATZAZ|ZELL AM ZILLER|4102213|N|J
ATZLF|WIEN ZENTRALFRIEDHOF|8103034|N|J
ATZLP|ZELL/PRAM|8151819|J|N
ATZOK|ZOEBING/KAMP|8102513|N|J
BEAAD|LEMBEEK|8814332|J|J
BEABL|PERUWELZ|8884855|J|J
BEABT|BRUSSELS AIRPORT - ZAVENTEM|8819406|N|J
BEABT|BRUSSELS AIRPORT - ZAVENTEM|8819406|N|J
BEACB|FROYENNES|8885061|J|J
BEACG|ZONE BRUXELLES/BRUSSEL|8813000|N|J
BEBCO|BRUXELLES-CHAPELLE|8813037|N|J
BEBCO|BRUXELLES-CHAPELLE|8813037|N|J
BEBDA|BUDA|8811148|N|J
BEBDB|BRUXELLES DB|8813086|N|J
BEBDL|BOONDAAL|8872921|J|N
BEBDL|BOONDAAL|8872921|J|N
BEBEL|BELLEM|8891157|J|J
BEBEU|BEUZET|8861424|J|J
BEBEV|BEVEREN|8894748|J|J
BEBIA|BIERSET-AWANS|8841319|J|J
BEBIL|BILZEN|8831138|J|J
BEBLC|BRAINE-LE-COMTE|8883006|J|J
BEBLM|BLANMONT|8861531|J|J
BEBMI|BRUSSEL-ZUID|8884987|J|N
BEBML|BOMAL|8864469|J|J
BEBNO|BRUXELLES-NORD|8812005|J|J
BEBNO|BRUXELLES-NORD|8812005|J|J
BEBOE|BOECHOUT|8821634|J|J
BEBOV|ST-DENIS-BOVESSE|8861432|N|J
BEBQL|BRUXELLES LUXEMBOURG|8811304|N|J
BEBQL|BRUXELLES LUXEMBOURG|8811304|N|J
BEBRE|BRESSOUX|8851713|J|N
BEBRG|BRUGGE|8891009|J|J
BEBRN|BERINGEN|8890993|J|N
BEBRN|BERINGEN|8832235|N|J
BEBSE|BELSELE|8894433|J|J
BEBSP|BRUGGE-ST-PIETERS|8843873|J|N
BEBTB|BLANDAIN(FR.) o TOURCOING(FR.)|8800222|N|J
BEBTB|BLANDAIN(FR.) o TOURCOING(FR.)|8728691|N|J
BEBUI|BUIZINGEN|8814340|J|J
BEBWV|BASSE-WAVRE|8811734|J|J
BEBXW|BRUSSEL-WEST|8865040|J|N
BEBXW|BRUSSEL-WEST|8865040|J|N
BEBZE|BERZEE|8873320|J|J
BECDS|CHATEAU-DE-SEILLES|8863438|N|J
BECHO|CHARLEROI-OUEST|8872066|N|J
BECHO|CHARLEROI-OUEST|8859241|J|N
BECHS|CHARLEROI SUD|8873015|N|J
BECLN|CALLENELLE|8884889|N|J
BECOM|COMINES/KOMEN|8896412|N|J
BECOM|COMINES/KOMEN|8896412|N|J
BECPS|CHAPOIS|8864824|J|J
BECSE|COURT-SAINT-ETIENNE|8811825|N|J
BEDAV|DAVE-ST-MARTIN|8863362|N|J
BEDEI|DEINZE|8892106|J|J
BEDIN|DINANT|8863503|J|J
BEDMD|DENDERMONDE|8893146|N|J
BEEDE|EDE|8895877|N|J
BEEEK|EEKLO|8893708|J|J
BEEKE|EKEREN|8821071|J|J
BEEQV|ERQUELINNES-VILLAGE|8871647|N|J
BEEQV|ERQUELINNES-VILLAGE|8881641|J|N
BEERB|ERBISOEUL-BRULOTTE|8881158|N|J
BEERB|ERBISOEUL-BRULOTTE|8890353|J|N
BEERP|ERPS-KWERPS|8811262|J|J
BEERQ|ERQUELINNES|8871605|J|J
BEESN|ESSEN|8821402|N|J
BEEUP|EUPEN|8844628|J|J
BEEZE|EZEMAAL|8833449|J|J
BEFEX|FEXHE-LE-HAUT-CLOCHER|8855873|J|N
BEFOM|VORST-ZUID|8843153|J|N
BEFOM|VORST-ZUID|8843153|J|N
BEGAS|GASTUCHE|8811742|J|J
BEGDB|GENT-DAMPOORT(BUS)|8889032|J|N
BEGDV|GODARVILLE|8871381|J|J
BEGEL|GENVAL|8811528|J|J
BEGHL|GHLIN|8881125|J|J
BEGLP|GOUY-LEZ-PIETON|8871373|J|J
BEGNT|GENT-SINT-PIETERS|8892007|N|J
BEGOB|GOUVY(FR)|8200340|N|J
BEGRM|GERMOIR|8811403|N|J
BEGRO|GROENENDAAL|8811445|J|J
BEGRS|GERONSTERE|8844420|N|J
BEHAB|HABAY|8866142|J|J
BEHAR|HARELBEKE|8896115|J|J
BEHEE|HEVERLEE|8833126|J|J
BEHEI|HEIDE|8821519|N|J
BEHEI|HEIDE|8887713|J|N
BEHEM|HEMIKSEM|8824224|J|J
BEHER|HERSEAUX|8885753|J|J
BEHET|HERENT|8811288|J|J
BEHEV|HEVER|8837553|J|N
BEHIL|HILLEGEM|8895422|J|J
BEHMB|HAMBOS|8822533|J|J
BEHOB|HEIST-OP-DEN-BERG|8821832|N|J
BEHOF|HOFSTADE|8822277|J|J
BEHOL|HOLLEKEN|8814159|J|J
BEHOV|HOVE|8821337|N|J
BEHRN|HERNE|8850443|J|N
BEHRN|HERNE|8895646|N|J
BEHRS|HAREN-ZUID|8841721|J|N
BEHRS|HAREN-ZUID|8841721|J|N
BEJEM|ROCHEFORT-JEMELLE|8864006|N|J
BEKAP|KAPELLEN|8821535|N|J
BEKAP|KAPELLEN|8888513|J|N
BEKNO|KNOKKE|8891660|J|J
BEKNO|KNOKKE|8893187|N|J
BEKOB|KAPELLE-OP-DEN-BOS|8836753|J|N
BEKOB|KAPELLE-OP-DEN-BOS|8822053|N|J
BEKTK|KONTICH-LINT|8821311|N|J
BELAB|LABUISSIERE|8871670|N|J
BELAS|LA LOUVIERE-SUD|8882206|J|J
BELAS|LA LOUVIERE-SUD|8883014|N|J
BELAZ|LA LOUVIERE|8882107|N|J
BELAZ|LA LOUVIERE|8828041|J|N
BELEO|LEOPOLDSBURG|8832003|J|J
BEMOD|MORTSEL-DEURNESTW.|8821154|N|J
BEMOM|MOMALLE|8841459|J|J
BEMOO|MOORTSELE|8893062|J|J
BEMOR|MORTSEL-LIERSESTEENWEG|8821246|N|J
BEMOU|MOUSCRON/MOESKROEN|8883055|N|J
BEMSG|MONT-SAINT-GUIBERT|8861549|N|J
BEMUI|MUIZEN|8822426|J|J
BENEE|NEERPELT|8832615|J|J
BENKP|NOORDERKEMPEN|8821105|J|J
BEPEI|PEPINSTER-CITE|8849721|J|N
BEPEI|PEPINSTER-CITE|8844313|N|J
BEPOI|POIX-SAINT-HUBERT|8865227|J|J
BEPRO|PROFONDSART|8811544|J|J
BERIX|RIXENSART|8811536|J|J
BERNS|RHISNES|8861440|J|J
BEROE|ROESELARE|8896800|J|J
BERSG|RUISBROEK-SAUVEGARDE|8822848|N|J
BESBK|SCHENDELBEKE|8895711|J|J
BESCH|SCHOONAARDE|8893526|J|J
BESCL|SCHELLEBELLE|8893542|J|J
BESCM|STOCKEM|8862018|J|J
BESDB|SINT-DENIJS-BOEKEL|8892692|N|J
BESDB|SINT-DENIJS-BOEKEL|8888753|J|N
BESHL|SCHULEN|8831088|J|J
BESHU|BRUSSEL SCHUMAN|8811916|J|J
BESHU|BRUSSEL SCHUMAN|8811916|J|J
BESIL|SILLY|8883436|J|J
BESIN|SINT-NIKLAAS|8894508|N|J
BESJW|SINT-JORIS-WEERT|8833159|N|J
BESKW|SINT-KATELIJNE-WAVER|8822228|N|J
BESLY|SLEIDINGE|8893260|J|J
BESMB|SINT-MARTENS-BODEGEM|8812245|N|J
BESTB|STERPENICH(FR)|8800342|J|J
BETET|TOUR-ET-TAXIS|8815016|N|J
BETET|TOUR-ET-TAXIS|8815016|N|J
BETHN|THUIN|8871811|J|J
BETHU|THULIN|8884350|J|J
BETIE|TIENEN|8833308|J|J
BETIT|TIELT|8892254|J|J
BETNT|TERNAT|8812252|J|J
BETOR|TORHOUT|8891314|J|J
BEUCA|UKKEL-KALEVOET|8854441|J|N
BEUCA|UKKEL-KALEVOET|8854441|J|N
BEUST|UKKEL-STALLE|8846441|J|N
BEUST|UKKEL-STALLE|8846441|J|N
BEVEC|VERVIERS-CENTRAL|8844008|N|J
BEVEP|VERVIERS-PALAIS|8843042|N|J
BEVIB|VISE(FR)|8800308|N|J
BEVMB|VIANE/MOERBEKE|8895612|J|J
BEVOR|VOROUX-GOREUX|8841327|J|J
BEWAR|WAREGEM|8896149|J|J
BEWCT|WALCOURT|8873007|J|J
BEWEL|WELKENRAEDT|8844503|J|J
BEWES|WESPELAAR-TILDONK|8822525|J|J
BEWIL|WILLEBROEK|8822608|J|J
BEZDG|ZEDELGEM|8891264|J|J
BEZEE|ZEEBRUGGE|8891553|N|J
BEZLK|ZELLIK|8812062|J|J
BEZON|ZONHOVEN|8832334|J|J
BEZOT|ZOTTEGEM|8895208|J|J
BGAAD|BURGAS|5283020|J|J
BGDIM|DIMITROVGRAD|5214000|N|J
BGDMG|DIMITROVGRAD (FR.)|5200620|J|J
BGKUL|KULATA (FR.)|5256060|J|J
BYBRC|BREST CENTRAL|2128880|J|N
BYBRE|BREST(GR)|2113060|J|J
BYGOM|GOMEL|2115000|J|J
BYGOR|GORYN(GR)|2213880|N|J
BYLID|LIDA|2113760|J|J
BYMSK|MINSK(BY)|2136880|J|N
BYORS|ORSCHA CENTRAL|2137680|J|N
BYPOL|POLOCK|2116130|J|J
BYSLO|SLOVECHNO(GR)|2115120|J|J
BYTRH|TERIUHA(GR)|2215100|N|J
BYVOL|VOLKOVISK-GOROD|2194696|J|N
CHAAD|SAAS-FEE, BUSTERMINAL|8501782|N|J
CHAAE|UZNACH|8503116|J|J
CHAAF|TURGI|8503503|J|J
CHAAH|CAMPOCOLOGNO|8580953|J|N
CHAAJ|DOMAT/EMS|8593113|J|N
CHAAO|KLOSTERS DORF|8509067|J|J
CHAAY|POSCHIAVO|8509361|J|J
CHABA|RANDA|8577762|J|N
CHABB|RECKINGEN|8586001|J|N
CHABD|REICHENAU-TAMINS|8509183|J|J
CHABH|SCHIERS|8562801|J|N
CHABK|TAESCH|8501688|N|J
CHABP|TIRANO|8509369|N|J
CHABS|WIL|8506206|N|J
CHABW|LENZBURG|8502119|J|J
CHABX|CHATEAU-D'OEX|8501394|J|J
CHACD|LENK IM SIMMENTAL|8507279|J|J
CHACF|SAANENMOESER|8507272|N|J
CHACG|SCHOENRIED|8523761|J|N
CHACG|SCHOENRIED|8507271|N|J
CHACO|WINTERTHUR GRUEZE|8564562|J|N
CHACR|MUENSINGEN|8507006|N|J
CHACZ|WENGEN|8551681|J|N
CHACZ|WENGEN|8507372|N|J
CHADA|SCHOENENWERD SO|8531041|J|N
CHADA|SCHOENENWERD SO|8502112|N|J
CHADB|WAEDENSWIL|8503206|N|J
CHADC|ISLIKON|8506019|J|J
CHADG|COURTELARY|8559761|J|N
CHADU|WOHLEN|8502213|N|J
CHADX|RUETI ZH|8503121|N|J
CHADY|WEINFELDEN|8506105|J|J
CHAEA|SONCEBOZ-SOMBEVAL|8563041|J|N
CHAEG|OBERWINTERTHUR|8506016|J|J
CHAEK|DOTTIKON-DINTIKON|8553913|J|N
CHAEM|RIVERA-BIRONICO|8505216|J|J
CHAEQ|WALCHWIL|8579841|J|N
CHAEW|CAPOLAGO-RIVA S.VITA|8505304|N|J
CHAFM|DAERLIGEN|8594161|J|N
CHAFO|GAMPEL-STEG|8565193|J|N
CHAFP|ST. GALLEN ST. FIDEN|8595921|J|N
CHAFX|EFFRETIKON|8503305|J|J
CHAFZ|PUIDOUX-CHEXBRES|8530241|J|N
CHAGD|ST-MAURICE|8501403|N|J
CHAGK|EGLISAU|8503402|J|J
CHAGM|RHEINFELDEN|8583601|J|N
CHAGM|RHEINFELDEN|8500301|N|J
CHAGR|ALP GRUEM|8576401|J|N
CHAGR|ALP GRUEM|8509357|N|J
CHAHD|KOBLENZ(CH)|8500329|N|J
CHAHH|CHARRAT-FULLY|8527761|J|N
CHAHJ|BUELACH|8503400|N|J
CHAHP|OENSINGEN|8500212|J|J
CHAHW|FRAUENFELD|8506100|J|J
CHAHZ|SCHWARZENBURG|8507089|J|J
CHAIB|PFAEFFIKON SZ|8569281|J|N
CHAIB|PFAEFFIKON SZ|8503209|N|J
CHAID|USTER|8503125|J|J
CHAIF|ST-URSANNE|8500124|J|J
CHAII|DUEBENDORF|8591761|J|N
CHAII|DUEBENDORF|8503128|N|J
CHAIK|SCHWANDEN GL|8503233|N|J
CHAIM|SCHWERZENBACH ZH|8503127|J|J
CHAIN|MORGES|8501037|J|J
CHAIO|ZUG|8530081|J|N
CHAIO|ZUG|8502204|N|J
CHAIT|FAULENSEE|8546081|J|N
CHAIV|CHAMOSON|8598961|J|N
CHAJZ|GRAECHEN, POST|8501767|N|J
CHALP|REALP|8505163|J|J
CHATD|Altdorf|8505113|N|J
CHBAG|BERN AUSSERHOLLIGEN|8547643|J|N
CHBAS|BASEL SBB|8500010|J|J
CHBAT|BAETTERKINDEN|8575185|J|N
CHBBG|BERGUEN/BRAVUOGN|8509197|N|J
CHBBN|BERN BUEMPLIZ NORD|8584873|J|N
CHBBZ|BRIG BAHNHOFPLATZ|8532723|J|N
CHBDB|BURGDORF BUCHMATT|8539353|J|N
CHBEC|BECKENRIED|8508467|N|J
CHBEF|BERN FELSENAU|8529673|J|N
CHBER|BERG|8544873|J|N
CHBGS|BURGISTEIN|8579353|J|N
CHBGT|BIGENTHAL|8579273|J|N
CHBGU|BURGLAUENEN|8587353|J|N
CHBIK|BERIKON-WIDEN|8552873|J|N
CHBLB|BLANKENBURG|8556873|J|N
CHBLN|BALERNA|8505306|J|J
CHBLP|BELP|8507076|J|J
CHBLS|BELP STEINBACH|8576073|J|N
CHBLW|BALLWIL|8541585|J|N
CHBNR|BERN RBS|8545673|J|N
CHBNW|BRAUNWALD|8503261|J|J
CHBOZ|BONADUZ|8534473|J|N
CHBRH|BRUENIG-HASLIBERG|8508309|N|J
CHBRI|BRIG|8501609|J|J
CHBRR|BIRR|8502247|J|J
CHBRX|BURIER|8595353|J|N
CHBST|BERN STOECKACKER|8553673|J|N
CHBSU|BERNINA SUOT|8530473|J|N
CHBSW|BONSTETTEN-WETTSWIL|8558473|J|N
CHBSY|BUSSIGNY|8524153|J|N
CHBTB|BLATTEN B. NATERS, P|8501754|N|J
CHBTB|BLATTEN B. NATERS, P|8501754|N|J
CHBTH|BALSTHAL|8500294|J|J
CHBTI|BERN TIEFENAU|8561673|J|N
CHBTS|BEATENBERG, STATION|8507751|N|J
CHBUC|BUCHS SG|8509404|N|J
CHBUG|BUERGLEN|8528561|J|N
CHBUI|BUGNEI|8594553|J|N
CHBUL|BUSSWIL|8540153|J|N
CHBUN|BUSSNANG|8532153|J|N
CHBVR|BEVER|8562881|J|N
CHBWI|BETTWIESEN|8506182|J|N
CHBZH|BAZENHEID|8559185|J|N
CHCAM|CAMEDO|8594881|J|N
CHCAU|CAUX|8501371|J|J
CHCHA|CHAM|8502203|N|J
CHCHI|CHATEAU-D'HAUTEVILLE|8577033|J|N
CHCHP|CHAM ALPENBLICK|8565998|J|N
CHCHY|CHAMBESY|8575353|J|N
CHCMP|BETTMERALP|8501954|J|J
CHCOI|COLOMBIER|8523433|J|N
CHCON|CONCISE|8547433|J|N
CHCOR|CORBIER|8587433|J|N
CHCOV|COUVET|8581033|J|N
CHCRS|CRANS-SUR-SIERRE, P.|8501795|N|J
CHCRY|CROY-ROMAINMOTIER|8597833|J|N
CHCSF|CRESSIER FR|8557833|J|N
CHCSS|COSSONAY-PENTHALAZ|8501115|N|J
CHDAL|DALLENWIL|8570881|J|N
CHDDF|DAVOS DORF|8509072|J|J
CHDEN|DENGES-ECHANDENS|8568313|J|N
CHDET|DEITINGEN|8552313|J|N
CHDMU|DISENTIS/MUSTER|8509179|J|J
CHDOR|DORNACH-ARLESHM.|8500118|N|J
CHDOT|DOETTINGEN|8583041|J|N
CHDOT|DOETTINGEN|8503501|N|J
CHDRU|DRUOGNO|8321375|J|N
CHDVW|DAVOS WOLFGANG|8509071|J|J
CHEBL|EBLIGEN|8562713|J|N
CHEBN|EBNAT-KAPPEL|8506297|J|J
CHECL|ECLEPENS|8578713|J|N
CHELG|ELGG|8540313|J|N
CHEMT|EMMENMATT|8588313|J|N
CHENC|EN CHARNAY TPC-AOMC|8525443|J|N
CHEPA|EPAGNY|8525913|J|N
CHERD|ERDMANNLISTEIN|8575576|J|N
CHERS|ERSTFELD|8505114|J|J
CHERT|ERMATINGEN|8581361|J|N
CHESK|ESCHLIKON|8566713|J|N
CHEST|ESCHOLZMATT|8574713|J|N
CHEVO|EVOLENE VILLAGE|8582967|J|J
CHEYH|EYHOLZ|8537067|J|N
CHFEB|FELDBRUNNEN|8521193|J|N
CHFEU|FEUERTHALEN|8545193|J|N
CHFLA|FLAMATT DORF|8553993|J|N
CHFLL|FLUEELEN|8505112|N|J
CHFOY|FONTANNEY|8586793|J|N
CHFRE|FREIBERGEN|8571593|J|N
CHFUB|FUERGANGEN-BELLWALD T|8501671|N|J
CHGAI|GAIS|8556378|J|N
CHGAM|GAMPELEN|8573193|J|N
CHGBR|ST. GALLEN, BRUGGEN|8590722|J|N
CHGBR|ST. GALLEN, BRUGGEN|8506301|N|J
CHGES|GERSAU|8508468|N|J
CHGIL|GILAMONT|8574793|J|N
CHGLI|GLION|8501370|J|J
CHGMA|ST. GALLEN MARKTPL.|8527522|J|N
CHGML|GUEMLIGEN|8596473|J|N
CHGND|GRANDSON|8577273|J|N
CHGNM|GRUENENMATT|8571673|J|N
CHGRA|GRAENICHEN|8502160|N|J
CHGRF|GRAFENORT|8553273|J|N
CHGRG|GRENGIOLS|8578073|J|N
CHGRS|GRENCHEN SUED|8500202|N|J
CHGSC|GOESCHENEN|8505119|N|J
CHGSH|GRUESCH|8509059|N|J
CHGTS|GRUETSCHALP|8595673|J|N
CHGUA|GUARDA|9449007|N|J
CHGWI|ST. GALLEN WINKELN|8543522|J|N
CHGYB|GRYON BOIS-GENTIL|8588193|J|N
CHHAN|HAUTE-NENDAZ, EGLISE|8521751|J|N
CHHAN|HAUTE-NENDAZ, EGLISE|8501772|N|J
CHHAU|HAUPTWIL|8550073|J|N
CHHED|HEDINGEN|8526873|J|N
CHHES|HERGISWIL|8508318|J|J
CHHGW|HAEGGENSCHWIL-WINDEN|8582073|J|N
CHHIR|HIRSCHBERG|8552553|J|N
CHHLW|HALLWIL|8581273|J|N
CHHOS|HOELSTEIN SUED|8538153|J|N
CHHRO|HORGEN OBERDORF|8577353|J|N
CHHST|HIRSCHTHAL|8568553|J|N
CHHTT|HETTLINGEN|8583673|J|N
CHHUE|HUENENBERG CHAEMLETEN|8552306|J|N
CHHUT|HUENTWANGEN-WIL|8503403|N|J
CHIEF|EIFELD|8595513|J|N
CHIGI|IGIS|8594153|J|N
CHIMH|IM HOLZ|8530953|J|N
CHIMM|IMMENSEE|8536721|J|N
CHINT|INTRAGNA|8505494|J|J
CHIPS|IPSACH|8555753|J|N
CHISE|ISELTWALD|8579753|J|N
CHKAA|KAISERSTUHL AG|8503413|J|J
CHKAI|KAISERAUGST|8565353|J|N
CHKAL|KALLNACH|8581353|J|N
CHKAP|KALPETRAN|8589353|J|N
CHKAR|KUESSNACHT AM RIGI|8588401|J|N
CHKAT|KALTBRUNN|8597353|J|N
CHKLE|KLEINDIETWIL|8590953|J|N
CHKLS|KLEINE SCHEIDEGG|8507374|J|J
CHKLW|KILLWANGEN-SPREITEN.|8503506|N|J
CHKNO|KNONAU|8551753|J|N
CHKOB|KOBLENZ DORF|8503411|J|J
CHKON|KONSTANZ|8506129|N|J
CHKRZ|KERZERS|8504400|J|J
CHKTT|ST. KATHARINENTAL|8585750|J|N
CHKUR|KURZRICKENBACH SEEP.|8535576|J|N
CHLAT|LES ARNOUX TPC-AOMC|8567043|J|N
CHLBA|LA BARBOLEUSE|8565585|J|N
CHLCO|LA CONVERSION|8594233|J|N
CHLLM|ALLMEND|8543905|J|N
CHLPF|LUPFIG|8567843|J|N
CHLPU|LA PUNT-CHAMUES-CH|8559256|J|N
CHLPU|LA PUNT-CHAMUES-CH|8509256|N|J
CHLSL|SCHLOSS LAUFEN AM RH|8557842|J|N
CHLST|LUSTMUEHLE|8554393|J|N
CHLUE|LUEDEM|8539193|J|N
CHLUO|LUETZELFLUEH-GOLDBACH|8595193|J|N
CHMER|MUENTSCHEMIER|8580802|J|N
CHMLN|MUOLEN|8563202|J|N
CHMNN|MAENNEDORF|8503106|N|J
CHMOS|MOSEN|8554402|J|N
CHMPF|MUMPF|8547202|J|N
CHMSD|MOOSSEEDORF|8561602|J|N
CHMTZ|MATZINGEN|8534393|J|N
CHMUG|MURG|8579202|J|N
CHMUL|MUELLHEIM-WIGOLTINGEN|8596002|J|N
CHMUO|MUENCHENWILER-COURG.|8548802|J|N
CHMUR|MUERREN BLM|8507379|N|J
CHMUS|MUENCHENSTEIN|8532802|J|N
CHMUV|MUENSTER VS|8501665|N|J
CHOBS|OBERDORF SO|8569682|J|N
CHOPP|OPPIKON|8524882|J|N
CHORE|MOREILLON|8585602|J|N
CHORW|OBERWANGEN|8587282|J|N
CHPBR|PONTE BROLLA|8546161|J|N
CHPEN|PENSIER|8597682|J|N
CHPFA|PFAEFFIKON ZH|8503301|N|J
CHPIN|PINO TRANSITO|8505409|J|J
CHPRT|PONT DU RHONE TPC-AO|8561523|J|N
CHPTJ|PRE-PETITJEAN|8560962|J|N
CHQGL|ST. GALLEN|8506302|N|J
CHRAN|RANK|8585762|J|N
CHREG|REGENSDORF-WATT|8503526|J|J
CHREI|REICHENBURG|8594562|J|N
CHREK|REICHENBACH IM KANDERTAL|8507480|N|J
CHREP|REPPISCHHOF|8524162|J|N
CHREZ|RENNAZ (LEYSIN)|8595362|J|N
CHRHA|RHAEZUENS|8556162|J|N
CHRIE|RIEDBACH|8532962|J|N
CHRIG|RIGI FIRST|8525762|J|N
CHRKL|RIGI KLOESTERLI|8555921|J|N
CHRNA|REINACH AG|8531362|J|N
CHROF|ROMITI FELSENTOR|8599362|J|N
CHRRS|RORSCHACH STADT|8581363|J|N
CHRSI|ROSSINIERE|8501392|J|N
CHRTH|RIETHEIM|8503410|N|J
CHRTL|REUTLINGEN|8540162|J|N
CHRTR|ROTHENTHURM|8592242|J|N
CHRUA|RUEMIKON AG|8503415|N|J
CHRUB|RUBIGEN|8537042|J|N
CHRUG|RUETI GL|8585842|J|N
CHRUL|RUEMLANG|8537842|J|N
CHRUS|RUESCHLIKON|8561842|J|N
CHSAA|SAAS-ALMAGELL, POST|8501780|N|J
CHSAA|SAAS-ALMAGELL, POST|8540721|J|N
CHSAF|SAFENWIL|8552561|J|N
CHSBA|SOLOTHURN BASELTOR|8524322|J|N
CHSBB|SCHUEBELBACH-BUTTIKON|8574642|J|N
CHSCP|SCHUEPFHEIM|8598642|J|N
CHSCR|STE-CROIX|8504298|N|J
CHSEM|SEMBRANCHER|8553122|J|N
CHSEN|SEMPACH-NEUENKIRCH|8561122|J|N
CHSEY|SENDY-SOLLARD|8577122|J|N
CHSFF|STEFFISBURG|8577202|J|N
CHSFL|STOFEL|8522802|J|N
CHSGN|SIGNAU|8585922|J|N
CHSGW|SIGGENTHAL-WUERENL.|8569922|J|N
CHSGW|SIGGENTHAL-WUERENL.|8503502|N|J
CHSGZ|SUGIEZ|8586802|J|N
CHSHH|SCHACHEN (HERISAU)|8525042|J|N
CHSHL|SCHACHEN LU|8533042|J|N
CHSIX|SIX-FONTAINES|8563522|J|N
CHSIZ|SCHINZNACH BAD|8580721|J|N
CHSLT|SCHLATT|8541842|J|N
CHSMG|SUMISWALD-GRUENEN|8547602|J|N
CHSMM|S. MARIA MAGGIORE|8392575|J|N
CHSMP|SAMMELPLATZ|8579442|J|N
CHSNC|SIRNACH|8533521|J|N
CHSNZ|S. NAZZARO|8505407|J|J
CHSON|SONVILIER|8556322|J|N
CHSOR|SORENGO|8580322|J|N
CHSOT|SCHOTTIKON|8526642|J|N
CHSOW|SOLOTHURN WEST|8532322|J|N
CHSOZ|SONZIER|8564322|J|N
CHSPF|SCHUEPFEN|8590642|J|N
CHSPM|ST. PETER-MOLINIS|8599522|J|N
CHSPR|SPISERTOR|8557122|J|N
CHSRH|SCHUELERHAUS|8582642|J|N
CHSTA|STEIN-SAECKINGEN|8500320|N|J
CHSTM|STAMMHEIM|8598081|J|N
CHSTV|ESTAVANNENS|8535513|J|N
CHSUC|SUS-CHATEL|8524402|J|N
CHSUV|SUROVAS|8587602|J|N
CHSWE|SCHWENDE|8536322|J|N
CHSZS|SALEZ-SENNWALD|8555442|J|N
CHTAD|TAEGERWILEN DORF|8533202|J|N
CHTAE|TAEGERSCHEN|8546815|J|N
CHTAW|TAEGERWILEN-GOTTLIEBN|8541202|J|N
CHTEC|TECKNAU|8557202|J|N
CHTER|STEIN AM RHEIN|8506139|J|J
CHTLI|RIETLI|8580962|J|N
CHTNB|STEINIBACH|8562002|J|N
CHTOF|TOFFEN|8534802|J|N
CHTON|TRONTANO|8353559|J|N
CHTRU|TRUBSCHACHEN|8536482|J|N
CHTRY|TREY|8590802|J|N
CHTSC|TSCHAMUT-SELVA|8560482|J|N
CHTTG|SCHLATTINGEN|8549842|J|N
CHTZG|SCHUETZENGARTEN|8535442|J|N
CHUEK|UETIKON|8522082|J|N
CHUET|UETENDORF|8585282|J|N
CHULR|ULRICHEN|8554082|J|N
CHUNT|UNTERENTFELDEN POST|8578082|J|N
CHURA|URNAESCH|8590881|J|N
CHURA|URNAESCH|8506283|N|J
CHURD|URDORF|8546882|J|N
CHURE|URTENEN|8586882|J|N
CHURW|URDORF WEIHERMATT|8554882|J|N
CHUTW|UTTWIL|8531682|J|N
CHVAS|VALENDAS-SAGOGN|8571682|J|N
CHVBR|VERBIER, STATION POSTE|8501788|N|J
CHVEI|VERIGO|8361559|J|N
CHVOE|VOEGELINSEGG|8575682|J|N
CHVUA|VUARENNES|8599682|J|N
CHWAB|WABERN BEI BERN|8568562|J|N
CHWAD|WANGEN AN DER AARE|8593362|J|N
CHWBV|WALTENSBURG/VUORZ|8553362|J|N
CHWES|WEISSENBACH|8546962|J|N
CHWLL|WILLISAU|8532562|J|N
CHWNB|WALDENBURG|8521362|J|N
CHWOR|WOLLERAU|8541362|J|N
CHWRL|WUERENLOS|8589362|J|N
CHWSR|WASSERAUEN|8506289|J|J
CHWTT|WINTERTHUR TOESS|8580562|J|N
CHWWS|WALTERSWIL-STRIEGEL|8561362|J|N
CHYVO|YVONAND|8558162|J|N
CHZDS|CHIASSO|8505307|J|J
CHZDT|CHUR|8509000|J|J
CHZER|ZERMATT GGB|8572723|J|N
CHZFK|ZUFIKON|8598962|J|N
CHZHB|ENGELBERG|8558401|J|N
CHZHB|ENGELBERG|8508399|N|J
CHZHR|KANDERSTEG|8507475|J|J
CHZKZ|VEVEY|8501200|J|J
CHZTG|INTERLAKEN OST|8507492|J|J
CHZUZ|ZUOZ|8509258|J|J
CZAAB|BAKOV NAD JIZEROU|5453266|J|N
CZAAH|BENESOV N.PLOUCN.|5456209|N|J
CZAAK|BILINA|5454819|J|J
CZAAS|BELOTIN|5478842|J|N
CZABA|BOHUSLAVICE U KYJOVA|5437322|J|N
CZABJ|BRNO|5497280|J|N
CZABO|BRNO-SLATINA|5435722|J|N
CZABP|BRNO-KRALOVO POLE|5433315|J|J
CZABW|BRECLAV|5433425|J|J
CZABZ|BYLNICE|5433535|J|J
CZACA|BYSTRICE POD HOSTYNEM|5433555|N|J
CZACY|PRAHA MASARYKOVO NADRAZI|5457076|N|J
CZACZ|CHLUMEC N.CIDL.|5461360|J|N
CZACZ|CHLUMEC N.CIDL.|5453050|N|J
CZADJ|DECIN|5455659|N|J
CZADR|DOLNI ZLEB|5455639|J|J
CZADT|DOMAZLICE|5473515|J|J
CZAEF|FRENSTAT P.RADH.|5479250|J|N
CZAEH|FRYDLANT N.OSTR.|5433354|N|J
CZAEK|GOLCUV JENIKOV M.|5454093|N|J
CZAET|HANUSOVICE|5433542|J|J
CZAEV|HAVLICKUV BROD|5454213|J|J
CZAEZ|HLUBOKA NAD VLTAVOU-ZAMOSTI|5473302|N|J
CZAFS|HRADEC KRALOVE|5453120|N|J
CZAFY|HRUSOVANY N.JEV.|5433925|N|J
CZAGX|KADAN|5453549|J|J
CZAHC|KARVINA|5433674|N|J
CZAHE|KLASTEREC NAD OHRI|5449520|J|N
CZAHH|KOLIN|5453414|N|J
CZAHJ|KOPIDLNO|5456300|J|J
CZAHK|KOSTELEC U JIHLAVY|5453240|N|J
CZAHS|KRALUPY N.VLT.|5451760|J|N
CZAHS|KRALUPY N.VLT.|5454396|N|J
CZAHV|KROMERIZ|5434475|J|J
CZAIF|KUTNA HORA|5454014|N|J
CZAKM|MLADA BOLESLAV|5454451|N|J
CZALR|NYMBURK|5453214|N|J
CZALV|OBRNICE|5454509|J|N
CZALY|OLOMOUC|5434362|N|J
CZALZ|OPAVA|5434194|N|J
CZAMF|OSTRAVA-MARIANSKE HORY|5434364|N|J
CZAMG|OSTRAVA-VITKOVICE|5435044|J|J
CZAMP|PARDUBICE|5453613|N|J
CZAMS|PETROVICE U KARV.|5498080|J|N
CZAMW|PLANA U MAR.L.|5474945|N|J
CZAMX|PLASY|5439040|J|N
CZANA|PLZEN JIZNI PREDMESTI|5473275|N|J
CZANC|PODBORANY|5455040|J|N
CZANK|POTSTEJN|5437258|J|N
CZANN|POTEC|5421258|J|N
CZANP|PRAHA-BUBNY|5457076|N|J
CZAOA|PROSTEJOV|5435705|N|J
CZAOH|RADOMYSL|5473242|J|N
CZAOL|RAZICE|5473412|J|J
CZAOM|ROKYCANY|5473205|J|J
CZAOO|ROUDNICE N.L.|5454257|N|J
CZAOR|ROZNOV P.RADH.|5434782|N|J
CZAPF|SKALICE N.SVIT.|5435985|N|J
CZAPT|ST.MESTO U UH.HR.|5436145|N|J
CZAPU|STARE SPLAVY|5478378|J|N
CZAPV|STOD|5488560|J|N
CZAQH|SVETLA N.SAZ.|5454133|N|J
CZAQT|SUMNA|5471266|J|N
CZAQZ|TEPLICE N.MET.|5453770|N|J
CZARB|TEPLICE V CECHACH|5453289|J|J
CZARK|TRUTNOV|5457020|N|J
CZARO|TREMESNA VE SLEZ.|5434894|N|J
CZARR|TURNOV|5454300|J|J
CZARS|TYNISTE N.ORL.|5453180|N|J
CZARY|UNICOV|5442546|J|N
CZASB|USTI NAD LABEM Z.|5453159|N|J
CZASC|USTI NAD ORLICI|5453863|J|J
CZASJ|VESELI N.LUZN.|5473552|N|J
CZASK|VESELI N.MOR.|5436795|N|J
CZASR|VLKOS|5453106|J|N
CZASS|VESKY|5457826|J|N
CZATT|ZELEZNA RUDA M.|5477015|N|J
CZBHO|BOHUSOVICE N.OHRI|5455909|N|J
CZBLO|BLOVICE|5443642|J|N
CZBRE|BRECLAV(GR)|5430055|J|J
CZCBJ|C.BUDEJOVICE|5473282|N|J
CZCPY|CHROPYNE|5473090|J|N
CZCTB|C.TREBOVA|5450002|J|N
CZCTB|C.TREBOVA|5453913|N|J
CZDCV|DECIN-CERT.VODA|5455619|N|J
CZDPZ|DECIN-PROSTR.ZLEB|5455609|N|J
CZDUC|DUCHCOV|5453339|J|J
CZFRY|FRYDLANT V C.|5454652|N|J
CZGOJ|GOLCUV JENIKOV|5496850|J|N
CZHEJ|HEJNICE|5454832|J|J
CZHLU|HLUBOKA N.V.|5473302|N|J
CZHOJ|HOJSOVA STRAZ|5476985|J|J
CZJAB|JABLONEC N.NISOU|5455092|N|J
CZKAR|KARDASOVA RECICE|5429250|J|N
CZKAV|KARLOVY VARY D.N.|5474585|N|J
CZKLC|KLENCI P.CERCH.|5473565|N|J
CZKON|KONSTANT.LAZNE|5475505|N|J
CZKOP|KOPRIVNICE|5433704|J|J
CZKOS|KOSTELEC N.O.|5453240|N|J
CZKRL|KARLSTEJN|5453186|J|J
CZKVV|KARLOVY VARY|5475875|J|J
CZKYJ|KYJICE|5471010|J|N
CZKYN|KYNSPERK NAD OHRI|5495010|J|N
CZLIP||5456809|N|J
CZLUZ|LUZICE|5423170|J|N
CZMOK|MOLDAVA V KR.H.|5454229|N|J
CZMUJ|MOSTY U JABLUNK.|5434104|N|J
CZNEJ|NEJDEK|5474205|J|J
CZNOR|NOVA ROLE|5474085|J|J
CZOHN|OSTRAVA|5434364|N|J
CZPER|PERNINK|5474275|J|J
CZPHN|PRAHA HLAVNI NADRAZI|5457076|N|J
CZPOD|PODIVIN|5424378|J|N
CZRAS|RASPENAVA|5454812|J|J
CZROK|ROKYTNICE N.JIZ.|5457110|N|J
CZRYB|RYBNIK|5475232|N|J
CZSMR|SMRZOVKA|5455022|J|J
CZSTP|STARY PLZENEC|5423178|J|N
CZSUD|SUDOMERICE N.M.|5437085|N|J
CZSUM|SUMMERAU(GR)|5470222|J|J
CZTAC|TACHOV|5475685|J|J
CZUNL|USTI NAD LABEM|5453179|N|J
CZVEL|VELKA N.VELICKOU|5437145|N|J
CZVOJ|VOJTANOV(GR)|5470025|J|J
CZVOL|VOLARY|5473912|J|J
CZVOL|VOLARY|5473912|J|N
CZZNM|ZABREH NA MOR.|5435502|N|J
DEAAB|BERATZHAUSEN|8000882|J|J
DEAAM|EITORF|8001736|J|J
DEAAU|HAIGER|8011581|N|J
DEABC|KALTENBRUNN(OBERBAY)|8003162|N|J
DEABI|MORSUM(SYLT)|8004093|J|J
DEABM|NOERDLINGEN|8002015|N|J
DEABN|OTTBERGEN|8004720|J|J
DEABO|OTTING-WEILHEIM|8004731|J|J
DEABP|PLEINFELD|8004835|J|J
DEABT|SIEDLINGHAUSEN|8005555|J|J
DEABY|STADTOLDENDORF|8005665|J|J
DEACA|SENDEN|8005532|J|J
DEACD|WAGHAEUSEL|8006137|J|J
DEACF|WEILERSWIST|8006280|J|J
DEACG|WICKEDE(RUHR)|8006389|J|J
DEACI|WIESLOCH-WALLDORF|8006421|J|J
DEACK|WATTENSCHEID|8006226|J|J
DEACM|ZEIL|8006635|J|J
DEACN|WERL|8006342|J|J
DEADD|ALTENBEKEN|8013318|J|J
DEADI|ASCHEBERG(HOLST)|8001366|J|J
DEAEE|BAD SOODEN-ALLENDORF|8005445|J|J
DEAEH|BAIERSBRONN|8000782|J|J
DEAEV|BIRKENFELD (ENZ)|8000986|J|J
DEAFI|BURGKUNSTADT|8001289|J|J
DEAGE|DERNEBURG(HAN)|8013377|J|J
DEAGI|DIESSEN|8001447|J|J
DEAGI|DIESSEN|8002163|N|J
DEAGL|DINSLAKEN|8010269|J|J
DEAGX|EICHSTAETT BAHNHOF|8001708|J|J
DEAHB|ELMSHORN|8001288|J|J
DEAHM|EHRANG|8000370|J|J
DEAHR|EYSTRUP|8001949|J|J
DEAHT|ESCHWEGE|8001884|J|J
DEAHV|EBERSDORF(B COBURG)|8001636|J|J
DEAHW|ENNEPETAL|8001795|J|J
DEAIB|FISCHEN|8001995|J|J
DEAID|FREISING|8002078|J|J
DEAIM|FELDBERG-BAERENTAL|8001971|J|J
DEAIU|HANNOVER HBF|8000152|J|J
DEAIW|GERNSBACH|8002248|J|J
DEAJC|GRAEFENDORF|8002341|J|J
DEAJJ|GRAFENAU|8002344|J|J
DEAJR|HANNOVER MESSEBAHNHOF|8003487|J|J
DEAJS|HAFFKRUG|8001642|N|J
DEAJU|HALTERN AM SEE|8000145|J|J
DEAJX|HAMMERAU|8002570|J|J
DEAKJ|HILDESHEIM HBF|8013414|J|J
DEAKQ|HERSBRUCK LI PEGNITZ|8002793|J|J
DEAKU|HUDE|8000522|J|J
DEAKV|HILDEN|8000388|J|J
DEAKZ|HIMMELREICH|8002844|J|J
DEALE|HERGATZ|8002363|N|J
DEALI|IBBENBUEREN|8003036|J|J
DEALS|JOSSA|8003129|J|J
DEALT|JUEBEK|8000334|J|J
DEALW|KAHL(MAIN)|8003143|J|J
DEAMA|KELLMUENZ|8003227|J|J
DEAME|KIEFERSFELDEN|8003249|J|J
DEAMN|KAMEN|8003168|J|J
DEAMP|KOENIGSHOFEN(BADEN)|8003381|J|J
DEAMS|KORBACH|8000210|J|J
DEAMY|KYLLBURG|8003484|J|J
DEANA|KLOSTERREICHENBACH|8003343|J|J
DEAQG|MURNAU|8004185|J|J
DEAQM|MURRHARDT|8004188|J|J
DEARD|NEUMUENSTER|8001295|N|J
DEARG|NEUSTADT(AISCH)BAHNH|8004323|J|J
DEARI|NEUSTADT A RUEBENBGE|8004322|J|J
DEARU|MOSBACH-NECKARELZ|8000264|J|J
DEARW|NORDHOLZ|8004460|J|J
DEARY|NORTORF|8004466|J|J
DEASE|NONNENHORN|8002375|N|J
DEASG|OBERAU|8004506|J|J
DEASH|OBERAUDORF|8004507|J|J
DEASL|OBERNDORF(NECKAR)|8004563|J|J
DEASM|OBERSTAUFEN|8004584|J|J
DEASN|UHLDINGEN-MUEHLHOFEN|8004595|J|J
DEAST|OLSBERG|8004676|J|J
DEATA|OLDENBURG(HOLST)|8001650|J|J
DEAUD|RATZEBURG|8001321|N|J
DEAUU|ROT AM SEE|8005179|J|J
DEAUY|ROTENBURG(WUEMME)|8001239|N|J
DEAVG|RODING|8005121|J|J
DEAVV|SALZGITTER-RINGEL|8000325|J|J
DEAVW|SALZKOTTEN|8005276|J|J
DEAVX|SANDE|8005282|J|J
DEAVZ|ST GOAR|8005645|J|J
DEAWE|SCHWAEBISCH GMUEND|8000329|J|J
DEAWG|SCHIFFERSTADT|8000326|J|J
DEAWI|SCHERFEDE|8005336|J|J
DEAWP|SEEBRUGG|8005502|J|J
DEAWS|SCHARBEUTZ|8005321|J|J
DEAWS|SCHARBEUTZ|8001641|N|J
DEAXI|SCHWELM|8000033|J|J
DEAXJ|SPEYER HBF|8005628|J|J
DEAXK|STADTHAGEN|8005662|J|J
DEAXP|STADTALLENDORF|8005661|J|J
DEAXW|ST GOARSHAUSEN|8005646|J|J
DEAYE|ST MANG|8005653|J|J
DEAYO|TIMMENDORFERSTRAND|8001640|J|J
DEAZF|UEBERLINGEN THERME|8005937|J|J
DEAZG|UEBERSEE|8005940|J|J
DEAZM|UNTERLUESS|8006001|J|J
DEAZO|VAREL(OLDB)|8006056|J|J
DEAZQ|VIENENBURG|8000364|J|J
DEAZV|VECHELDE|8006060|J|J
DEBAC|WENDLINGEN(NECKAR)|8006331|J|J
DEBAE|WABERN(BZ KASSEL)|8000368|J|J
DEBAF|WAECHTERSBACH|8006132|J|J
DEBAI|BAIERSDORF|8000783|J|J
DEBAK|WARBURG (WESTF)|8000196|J|J
DEBAX|WESTHEIM-LANGENDORF|8006380|J|J
DEBBA|WIESAU(OBERPF)|8006403|J|J
DEBBF|WILLEBADESSEN|8006449|J|J
DEBBG|BONN-BAD GODESBERG|8001082|J|J
DEBBK|BAD BRAMBACH|8006729|N|J
DEBBN|WITZENHAUSEN NORD|8006524|J|J
DEBBP|WOLFENBUETTEL|8013344|J|J
DEBBV|WESEL|8000242|J|J
DEBCC|WRIST|8001292|N|J
DEBCE|WUPPERTAL-OBERBARMEN|8006719|J|J
DEBCH|BERLIN CHARLOTTENBURG|8010403|J|J
DEBCL|BOCKUM-HOEVEL|8001045|J|J
DEBCR|FRIEDLAND(HAN)|8002102|J|J
DEBCZ|TUERKHEIM(BAY)BF|8000144|J|J
DEBDD|BIEDENKOPF|8000952|J|J
DEBDK|LENGENWANG|8003639|J|J
DEBDO|IGEL(GR)|8200580|N|J
DEBEB|HAMBURG|8021566|J|N
DEBEE|MITTENWALD(GR)|8004044|J|J
DEBEH|BESCH|8000923|J|J
DEBEK|PUTTGARDEN(MS)|8000079|J|J
DEBER|BERSENBRUECK|8000919|J|J
DEBGE|BG-U.ND.GEMUENDEN|8000061|J|J
DEBGL|BERGISCH GLADBACH|8000899|J|J
DEBHH|BUCHHOLZ(NORDHEIDE)|8000056|J|J
DEBHN|BURGHAUSEN(OBB)|8001284|J|J
DEBHT|BOCHOLT|8000040|J|J
DEBIC|BICHLBACH-BERWANG|8102247|J|N
DEBIC|BICHLBACH-BERWANG|8006759|N|J
DEBIR|BIRRESBORN|8000989|J|J
DEBIW|BISCHOFSWERDA|8006103|J|N
DEBKQ|BRAKE(B BIELEF)|8001118|J|J
DEBLA|BRETLEBEN|8010061|J|J
DEBLN|BLAUBEUREN|8001013|J|J
DEBMB|BAD HOMBURG|8011137|N|J
DEBOD|BODENMAIS|8001051|J|J
DEBOK|BORKEN (HESS)|8001098|J|J
DEBOR|BORKEN (WESTF)|8000346|J|J
DEBRB|Berlin Bellevue|8011157|J|J
DEBRE|BREMEN HBF|8000050|J|J
DEBRL|BERLIN|8075942|J|N
DEBRR|BREDELAR|8001137|J|J
DEBRU|BRUEHL|8001215|J|J
DEBRZ|BRITZ|8010064|J|J
DEBSH|BENSHEIM|8000031|J|J
DEBSI|BAERENSTEIN(AN)|8011094|N|J
DEBSP|BERLIN SPANDAU1|8010404|J|J
DEBSW|BRAUNSCHWEIG|8013240|J|J
DEBUN|BUETTGEN|8001261|J|J
DEBUR|BURHAFE (OSTFRIESL)|8001301|J|J
DEBUS|BURGSTAEDT|8006525|J|J
DEBXR|BUBENREUTH|8001223|J|J
DEBZB|BUTZBACH|8001312|J|J
DECAL|CALBERLAH|8001318|J|J
DECLU|CALAU(NL)|8010069|J|J
DECLW|CALW|8000063|J|J
DECMT|CHEMNITZ MITTE|8011971|J|J
DECMT|CHEMNITZ MITTE|8006627|J|J
DECOB|COBURG|8001338|J|J
DECOE|COELBE|8000065|J|J
DECOL|COLLENBERG|8005028|J|J
DECOT|COTTBUS|8017382|N|J
DEDAB|DANNENBERG OST|8001146|N|J
DEDAN|DARMSTADT-ARHEIL|8011281|J|J
DEDBF|DACHAU BAHNHOF|8001354|J|J
DEDBG|DIEBURG|8000362|J|J
DEDBS|DREIEICH-BUCHSCHLAG|8001236|J|J
DEDDF|DRESDEN FRIEDRICH STADT|8013475|J|J
DEDED|DEDENHAUSEN|8001392|J|J
DEDEE|DUEREN|8000084|J|J
DEDEG|BEDBURG(ERFT)|8000030|J|J
DEDEZ|DELITZSCH|8010076|N|J
DEDGS|DRESDEN GRENZSTR.|8006215|J|J
DEDOT|DARMSTADT OST|8001376|J|J
DEDRU|Duisburg-Ruhrort|8001611|J|J
DEDTM|DORTMUND HBF|8000080|J|J
DEDTM|DORTMUND HBF|8010053|J|J
DEDUI|DUISBURG HBF|8000086|J|J
DEEBL|ELSTERWERDA-BIEHLA|8010100|J|J
DEEBM|EBERMANNSTADT|8001627|J|J
DEEBS|ESSEN-BORBECK S|8005031|J|J
DEEDU|EHINGEN (DONAU)|8001684|J|J
DEEDW|ESSEN DELLWIG|8001903|J|J
DEEGF|EGGENFELDEN|8001677|J|J
DEEGL|EGLING|8001683|J|J
DEEHD|EISENHUETTENSTADT|8011471|J|J
DEEHD|EISENHUETTENSTADT|8003181|J|J
DEEHN|EMMELSHAUSEN|8007628|J|J
DEEHZ|EHRWALD ZUGSPITZBAHN|8006762|N|J
DEEIC|EICHENBERG|8000090|J|J
DEELF|EINSIEDLERHOF|8001720|J|J
DEELH|ESCHENLOHE|8001880|J|J
DEELW|ELLWANGEN|8001751|J|J
DEEMM|EMMERICH|8001773|J|J
DEENG|ENGEN|8001790|J|J
DEENZ|ENZISWEILER|8001806|J|J
DEEOR|EHRANG ORT|8001688|J|J
DEERH|EHRINGSHAUSEN WETZL|8001694|J|J
DEESC|IBBENBUEREN-ESCH|8001867|J|J
DEESD|ESCHBORN SUED|8001871|J|J
DEESH|ESCHEDE|8001872|J|J
DEESL|ESSLINGEN(NECKAR)|8001920|J|J
DEESS|ESSEN HBF|8000098|J|J
DEEST|ELLERSTADT|8007570|N|J
DEFBH|FELLBACH|8001974|J|J
DEFBR|FRANKENBERG(EDER)|8000104|J|J
DEFBW|FREIBURG WEST|8002066|J|J
DEFDB|FUERTH-DAMBACH|8002153|J|J
DEFHF|FRIEDRICHSHFN.FLU|8002120|J|J
DEFHR|FRIEDRICHSHAFEN FAEHRE|8082046|J|N
DEFOH|FORBACH(FR)|8728193|J|N
DEFOS|FORST(GR)|8010112|J|J
DEFRD|FRIEDRICHSHAFEN HAF|8002110|J|J
DEFRG|FREIBERG(SACHS)|8010115|J|J
DEFRH|FRANKFURT-HOECHST|8000106|J|J
DEFRL|FREILASSING|8000108|J|J
DEFRR|FRIEDRICHSDORF/TS|8002108|J|J
DEFRT|FRANKFURT (M) STADION|8011089|J|J
DEFRW|FREIBURG-WIEHRE|8002070|J|J
DEFRZ|FRIEDRICHSFELD(NRH)|8002109|J|J
DEFSG|FREIBURG-ST GEORG|8002069|J|J
DEFSM|FRANKFURT-SOSSENH|8002054|J|J
DEFUU|FUERTH-UNTERFUERB|8002155|J|J
DEFWS|FUERSTENWALDE/SPR|8010120|J|J
DEFZN|FREIBURG-ZAEH.|8002071|J|J
DEGBE|GUBEN|8010357|J|J
DEGBE|GUBEN|8004034|N|J
DEGBG|GRAEFENBERG|8002340|J|J
DEGBN|GUBIN(GR)|8010358|N|J
DEGBW|GRAMBOW|8011689|J|J
DEGEL|GELSENKIRCHEN HBF|8010144|J|J
DEGFT|GUTENFUERST|8011790|J|J
DEGHN|GEISENHAUSEN|8002211|J|J
DEGMM|GEMUENDEN(MAIN)|8000120|J|J
DEGMR|GERMERSHEIM MITTE R|8002239|J|J
DEGOP|GOERLITZ|8017383|N|J
DEGOS|GOSLAR|8013398|J|J
DEGRO|GRONAU (WESTF)|8000382|J|J
DEGSH|GEISENHEIM|8002212|J|J
DEGTH|BAUNATAL-GUNTERSHAUSEN|8005369|J|J
DEHAA|HAMBURG AIRPORT|8002547|J|J
DEHAH|HAUSHAM|8007875|J|J
DEHAT|HALTINGEN|8002546|J|J
DEHAU|HANAU HBF|8000150|J|J
DEHBN|HEILBRONN HBF|8000157|J|J
DEHDN|HERVEST-DORSTEN|8000165|J|J
DEHDR|HEIDELB.K/ROHRB|8002686|J|J
DEHEH|HEITERSHEIM|8002727|J|J
DEHEM|HEILBRONN HARMON|8002701|N|J
DEHEN|HEGNE|8002683|J|J
DEHFD|HERFORD|8000162|J|J
DEHFG|HANNOVER FLUGH.|8002589|J|J
DEHFL|HITTFELD|8002864|J|J
DEHGE|HEIDENAU-GROSSEDLITZ|8011844|J|J
DEHHF|HOMBURG(SAAR)HBF|8000176|J|J
DEHHM|HOFHEIM(UFR)|8002936|N|J
DEHHS|HARTHAUS|8002610|J|J
DEHIR|HIRSCHHORN (NECKAR)|8002857|J|J
DEHIU|HEIDENAU|8010163|J|J
DEHMN|HOCHHEIM(MAIN)|8002872|J|J
DEHMT|HELMSTEDT|8000159|J|J
DEHOB|HOLZHEIM(B NEUSS)|8002979|J|J
DEHOW|HOLZWICKEDE|8010384|J|J
DEHRA|HOCKERODA|8010170|J|J
DEHRE|HAREN (EMS)|8002598|J|J
DEHSE|HOSENA|8010171|J|J
DEHSH|HAUSACH|8000333|J|J
DEHSN|HOLTHUSEN|8010173|J|J
DEHTH|HERRATH|8002784|J|J
DEHVB|HANNOVER HBF ZOB|8077623|J|N
DEHVE|HAGEN-VORHALLE|8000977|J|J
DEHVO|HOEVELHOF|8002920|J|J
DEHWA|HANNOVER WIECH-A|8002591|J|J
DEHWD|HOYERSWERDA|8010177|J|J
DEIGH|INGELHEIM|8003075|J|J
DEIGS|IGERSHEIM|8003045|J|J
DEIHA|ISSELHORST-AVENW.|8003096|J|J
DEILN|ISERLOHN|8000186|J|J
DEITN|ISTEIN|8003098|J|J
DEJBG|JUETERBOG|8010182|J|J
DEJFE|JAEGERSFREUDE|8003108|J|J
DEJGS|JOHANNGEORGENSTDT|8011967|J|J
DEJUE|JUENKERATH|8003135|J|J
DEKAB|KOELN AIRPORT-B|8053370|J|N
DEKAB|KOELN AIRPORT-B|8003370|N|J
DEKBR|KAUFBEUREN|8002278|J|J
DEKDN|KOENDRINGEN|8003374|J|J
DEKEH|KEHL(GR)|8000008|J|J
DEKEN|KOETHEN|8010195|J|J
DEKHI|KALTHOF(ISERLOHN)|8003166|J|J
DEKHN|KIRCHHAIN(BZ KASSEL)|8000435|J|J
DEKHS|KARTHAUS|8000402|J|J
DEKIA|KRANICHFELD|8012092|J|J
DEKIE|KIEL HBF|8001304|J|J
DEKLB|KIRCHENLAIBACH|8000201|J|J
DEKLF|KOELN/BONN FLUGH|8003330|J|J
DEKOI|KOHLSCHEID|8003395|J|J
DEKOL|KORDEL|8003407|J|J
DEKON|KONSTANZ|8506129|N|J
DEKOR|KORNWESTHEIM PBF|8003411|J|J
DEKRB|KRONBERG(TAUNUS)|8003447|J|J
DEKSN|KOENINGSTEIN(SAECHS SCHW)|8012072|J|J
DEKTL|KORNTAL|8003409|J|J
DEKUL|KULMBACH|8003476|J|J
DEKWG|KETTWIG|8010234|J|J
DEKWH|KOENIGS WUSTERHSN|8003376|J|J
DELAA|HANNOVER MESSE|8003487|J|J
DELAA|HANNOVER MESSE|8073847|J|N
DELBK|LANGEBRUECK(S)|8006212|J|J
DELEI|LEIFERDE (B GIFHORN)|8013023|J|J
DELEN|LENGERICH (WESTF)|8003640|J|J
DELER|LERMOOS|8102245|J|N
DELER|LERMOOS|8006761|N|J
DELFE|LUDWIGSFELDE|8010215|J|J
DELNA|ILMENAU|8010178|J|J
DELUC|LUEDENSCHEID|8003782|J|J
DELUL|LUTHERST EISLEBEN|8012279|J|J
DELWB|LOEWENBERG(MARK)|8010214|J|J
DEMAN|MANDERN|8005280|N|J
DEMAX|MAXIMILIANSAU WEST (WOERTH)|8003919|J|J
DEMCG|MOENCHENGLADB-GEN|8004061|J|J
DEMHN|MUEHLHAUSEN/THUER|8010235|J|J
DEMHP|MAGDEBURG HASSELP|8013457|J|J
DEMLB|MUERLENBACH|8004174|J|J
DEMOX|MOERS|8000644|J|J
DEMRS|MARBURG SUED|8005388|J|J
DEMUA|MUSAU|8102253|J|N
DEMUM|MUEDEN (MOSEL)|8004101|J|J
DEMXU|MAXAU|8003917|J|J
DENBH|ANNABERG-B U BF|8006429|N|J
DENEI|NEU ISENBURG|8011092|N|J
DENET|NEUSTADT(SACHS)|8006064|J|J
DENNY|NORDERNEY|8007762|J|J
DENON|NORDHAUSEN|8010256|J|J
DENSB|DENSBORN|8001414|J|J
DEOBE|OBERHAID|8004533|J|J
DEOBH|OBERROTHENBACH|8006638|N|J
DEOBL|OBERLENNINGEN|8004553|J|J
DEOBS|OBERHAUSEN-HOLTEN|8004540|J|J
DEOBT|OBERTRAUBLING|8004592|J|J
DEOBZ|OSTSEEBAD BINZ|8011191|J|J
DEOFO|OFFENBACH(M)OST|8004645|J|J
DEOHN|OERLINGHAUSEN|8004630|J|J
DEOHN|OERLINGHAUSEN|8013489|J|J
DEOHR|OSNABRUECK HASET.|8004689|J|J
DEOKH|OBERKIRCH|8004545|J|J
DEOLD|OLDENBURG (OLDB)|8000291|J|J
DEOLZ|OLDENBURG (OLDB) ZOB (KARLSTRASSE)|8089507|J|N
DEORW|ORSCHWEIER|8004683|J|J
DEOSE|OBERHAUSEN-STERKR|8004542|J|J
DEOSE|OBERHAUSEN-STERKR|8010266|J|J
DEOSK|BERLIN OSTKREUZ|8011162|J|J
DEOVE|OVERATH|8040144|N|J
DEOWZ|OBERODERWITZ|8006118|J|J
DEPAD|PADERBORN HBF|8000297|J|J
DEPAD|PADERBORN HBF|8010359|J|J
DEPAN|PADERBORN NORD|8004745|J|J
DEPBG|PRIEMERBURG|8010284|J|J
DEPCA|PFLACH|8102252|J|N
DEPDF|PRISDORF|8004888|J|J
DEPDP|Berlin Potsdammer Pl.|8011118|J|J
DEPEG|PENZBERG|8004767|J|J
DEPER|PERL|8004771|J|J
DEPFD|PFORZHEIM DURL.|8004800|N|J
DEPFO|PFORZHEIM HBF|8000299|J|J
DEPHN|PETERSHAUSEN(OBB)|8004775|J|J
DEPLE|PLETTENBERG|8004838|J|J
DEPOR|PORTA WESTFALICA|8004868|J|J
DEPPS|POTSDAM PARK SANS|8003481|J|J
DEPSN|PIRMASENS NORD|8000876|J|J
DEPTN|PETERSAURACH NORD|8004797|J|J
DEPTW|PRIESTEWITZ|8010285|J|J
DEPUT|PUTTGARDEN|8004903|J|J
DEPWK|PASEWALK|8010268|J|J
DEQBO|BOCHUM HBF|8000041|J|J
DEQHD|HEIDELBERG HBF|8000156|J|J
DERBK|REINBEK|8001061|J|J
DERCB|REICHENAU(BADEN)|8004997|J|J
DERCN|REICHERSBEUERN|8007881|J|J
DERDT|ROTHENBURG OB DER TAUBER|8005190|J|J
DEREH|REINHEIM(ODW)|8005020|J|J
DEREN|RENDSBURG|8000312|J|J
DEREN|RENDSBURG|8001410|N|J
DERET|REUTTE IN TIROL|8006756|N|J
DERFD|REINHARDSBRUNN-FR|8012742|J|J
DERFE|REHFELDE|8003267|J|J
DERFN|GERLENHOFEN|8002234|J|J
DERGL|RIEGEL-MALTERDINGEN|8005090|J|J
DEROB|RONNEBURG(THUER)|8006739|N|J
DERON|RHEYDT-ODENKIRCH|8005073|J|J
DERTS|REUTLINGEN-SONDEL|8005054|J|J
DERUH|RUHSTORF|8005223|J|J
DESAZ|SASSNITZ(GR)|8010313|N|J
DESBG|STRASBURG(UCKERM)|8010339|J|J
DESBK|SAARBRUECKEN HBF|8000323|J|J
DESBL|SCHOENBICHL|8139582|J|N
DESBR|STRAUSBERG|8003263|J|J
DESCA|SCHOENA (GR.)|8010316|J|J
DESCI|SCHIRNDING|8005352|J|J
DESCK|SCHOENEBECK(ELBE)|8010318|J|J
DESCN|SCHAFFHAUSEN|8503424|J|J
DESCO|SCHOENA|8012898|J|J
DESCS|SCHALLSTADT|8005317|J|J
DESCW|SCHWERIN|8010324|J|J
DESDT|SCHEIDT(SAAR)|8005332|J|J
DESEH|SEHLEM (WITTLICH)|8005510|J|J
DESFT|STASSFURT|8010332|J|J
DESGD|SAGARD|8012832|J|J
DESGN|SCHWENNINGEN(N)|8005490|J|J
DESGU|SCHONGAU|8005418|J|J
DESGW|SEELOW-GUSOW|8011788|J|J
DESHB|SIMMELSDORF-HUETT|8005572|J|J
DESIH|SIMBACH(INN)|8000072|J|J
DESLS|SCHLIERSEE|8007883|J|J
DESLW|SEELOW(MARK)|8003210|N|J
DESNZ|SASSNITZ|8012843|J|J
DESON|SONDERSHAUSEN|8010329|J|J
DESST|SELB STADT|8005517|J|J
DESTB|STARNBERG|8005676|J|J
DESTE|STEGENWALDHAUS|8005686|J|J
DESTN|SCHLUECHTERN|8000891|J|J
DESVD|SCHNEVERDINGEN|8005390|J|J
DESWC|STADT WEHLEN(SACHS)|8013022|J|J
DESWF|SCHWEINFURT HBF|8000032|J|J
DESWR|SCHWERTE(RUHR)|8000037|J|J
DETAN|TANTOW(GR)|8010346|J|J
DETBF|TROSSINGEN BF|8005911|J|J
DETBS|TOENDER BUS|8004796|J|J
DETEW|TELTOW|8013100|J|J
DETGG|TOEGING(INN)|8005883|J|J
DETIH|TIENGEN/HOCHRHEIN|8005871|J|J
DETME|TANGERMUENDE|8013084|J|J
DETML|TUERKISMUEHLE|8000154|J|J
DETNG|TOENNING|8005885|J|J
DETPT|TROMPET|8005910|J|J
DETRM|TRIER MEAUSHECKER|8005904|N|J
DETSN|TESSIN|8013106|J|J
DETWM|TITTMONING-WIESM.|8006422|J|J
DEUBF|ULRICHSBRUECKE-FUESSEN|8147582|J|N
DEUFS|UFFING A STAFFELSEE|8005948|J|J
DEUHZ|ULM HBF (ZOB)|8089302|J|N
DEUNK|UNKEL|8005970|J|J
DEUNN|UNNA|8000171|J|J
DEURF|URFT|8006032|J|J
DEURG|UNTERFOEHRING|8005986|J|J
DEVIE|VILLINGEN-EIS|8000356|J|J
DEVKN|VOELKLINGEN|8000175|J|J
DEVLB|VELBERT-LANGENB.|8003529|J|J
DEVLS|VILS|8006752|N|J
DEVRD|VOERDE(NIEDERRHEIN)|8006098|J|J
DEWAA|WARNGAU|8007885|J|J
DEWAD|WALSRODE|8006193|J|J
DEWAE|WARNEMUENDE|8013236|J|J
DEWAF|WYK AUF FOEHR|8057760|J|N
DEWAU|WAIDHAUS (GR)|8006141|J|J
DEWBE|WITTENBERGE|8010382|J|J
DEWBH|WINDSBACH|8006473|J|J
DEWBI|WERBIG|8010371|J|J
DEWDS|WEIL DER STADT|8006271|J|J
DEWEB|WEILBURG|8000218|J|J
DEWEG|WESTERBURG|8000245|J|J
DEWER|WETTER(RUHR)|8006386|J|J
DEWES|WERNSHAUSEN|8010375|J|J
DEWEU|WERDAU|8010372|J|J
DEWFM|WESEL FELDMARK|8006356|J|J
DEWGG|WAGING|8006138|J|J
DEWHN|WOLFRATSHAUSEN|8006550|J|J
DEWHR|WATTENSCHEID-HOEN|8006227|J|J
DEWIH|WILKAU-HASSLAU|8010379|J|J
DEWIS|WISMAR|8010381|J|J
DEWKB|WALDKRAIBURG|8006164|J|J
DEWOC|WOLFACH|8006544|J|J
DEWOL|WOLKRAMSHAUSEN|8010385|J|J
DEWRF|WERDORF|8006340|J|J
DEWRN|WAREN(MUERITZ)|8010361|J|J
DEWSH|WARMENSTEINACH|8006208|J|J
DEWSS|BERLIN WARSCHAUER STRASSE|8003140|N|J
DEWTO|WESTERSTEDE-OCHOLT|8004610|J|J
DEWUL|WULFTEN|8006592|J|J
DEWUR|WUPPERTAL-RONSD.|8006616|J|J
DEWWW|WERTHEIM BESTENHEID|8006354|J|J
DEWZN|WRIEZEN|8010386|J|J
DEXTN|XANTEN|8006630|J|J
DEZEN|ZENNERN|8006647|J|J
DEZEN|ZENNERN|8005283|J|J
DEZEY|HAGEN HBF|8000142|J|J
DEZLL|ZELL(WIESENTAL)|8006641|J|J
DEZNB|HAMM(WESTF)|8000149|J|J
DEZPA|OFFENBURG|8000290|J|J
DEZQL|VILLINGEN(SCHWARZW)|8000366|J|J
DKBAK|SKOLEBAKKEN|8628185|J|N
DKBAK|SKOLEBAKKEN|8600129|N|J
DKBAX|BALLERUP|8650165|J|N
DKBAX|BALLERUP|8600708|N|J
DKBBX|BRANDE|8666569|J|N
DKBBX|BRANDE|8600291|N|J
DKBET|BREJNING|8661049|J|N
DKBET|BREJNING|8600076|N|J
DKBFT|BERNSTORFFSVEJ|8600672|N|J
DKBGX|BORDING|8600271|N|J
DKBIC|BIRK CENTERPARK|8600269|N|J
DKBIT|BISPEBJERG|8652981|J|N
DKBIT|BISPEBJERG|8600739|N|J
DKBIX|BIRKEROED|8666489|J|N
DKBIX|BIRKEROED|8600678|N|J
DKBJX|BJERRINGBRO|8600172|N|J
DKBKX|BOERKOP|8600077|N|J
DKBLX|BROENDERSLEV|8600015|N|J
DKBMX|BRAMMING|8600219|N|J
DKBNX|BEDSTED THY|8600398|N|J
DKBOE|BROENDBYOESTER|8600679|N|J
DKBOX|BORUP|8600614|N|J
DKBPX|BROERUP|8600222|N|J
DKBRR|BROENS|8600426|N|J
DKBSA|BROENDBY STRAND|8600766|N|J
DKBSX|BORRIS|8600280|N|J
DKBUD|BUDDINGE|8650357|J|N
DKBUD|BUDDINGE|8600690|N|J
DKBUX|BUR|8600195|N|J
DKBWX|BREDEBRO|8600430|N|J
DKCGR|KASTRUP(GR)|8600854|J|J
DKCHX|CHARLOTTENLUND|8600657|N|J
DKCPH|KOEBENHAVN LUFTH KASTRUP|8600858|N|J
DKDAH|DANSHOEJ|8600742|N|J
DKDBT|DYBBOELSBRO|8650432|J|N
DKDBT|DYBBOELSBRO|8600634|N|J
DKDSX|DOESTRUP SDR JYLL|8600428|N|J
DKEBX|EJBY|8600504|N|J
DKEGD|EGEDAL|8600956|N|J
DKEKX|ESKILSTRUP|8600822|N|J
DKEMT|EMDRUP|8600688|N|J
DKEVX|ENGESVANG|8600270|N|J
DKFAX|FREDERICIA|8600079|N|J
DKFBX||8600638|N|J
DKFHX|FREDERIKSHAVN|8600001|N|J
DKFLX|FLINTHOLM|8600736|N|J
DKFMX|FARUM|8600696|N|J
DKFRS|FRUENS BOEGE|8600533|N|J
DKGAA|GAARDE ST DK|8656489|J|N
DKGAA|GAARDE ST DK|8600209|N|J
DKGDX|GELSTED|8600505|N|J
DKGJE|GJESING|8600228|N|J
DKGJX|GENTOFTE|8650684|J|N
DKGJX|GENTOFTE|8600673|N|J
DKGLX|GLOSTRUP|8600622|N|J
DKGOE|GOERDING|8600220|N|J
DKGSX|GREDSTEDBRO|8650771|J|N
DKGSX|GREDSTEDBRO|8600421|N|J
DKGTX|GADSTRUP|8600658|N|J
DKGTX|GADSTRUP|8600800|N|J
DKGUX|GULDAGER|8600214|N|J
DKGWX|GIVE|8600289|N|J
DKHAX|HADSTEN|8600047|N|J
DKHBX|HOBRO|8600032|N|J
DKHDX|HAVDRUP|8600801|N|J
DKHED|HEDENSTED|8663722|J|N
DKHER|HERLEV|8650964|J|N
DKHER|HERLEV|8600706|N|J
DKHFX|HERFOELGE|8650963|J|N
DKHFX|HERFOELGE|8600805|N|J
DKHGX|HELSINGOER|8600669|N|J
DKHHS|HIRTSHALS|8601803|N|J
DKHIT|HVIDOVRE|8600600|N|J
DKHIX|HILLEROED|8600683|N|J
DKHJS|HJALLESE|8600559|N|J
DKHJX|HJOERRING|8651010|J|N
DKHJX|HJOERRING|8600009|N|J
DKHLX|HELLERUP|8600655|N|J
DKHMX|HJERM|8651004|J|N
DKHMX|HJERM|8600191|N|J
DKHNX|HINNERUP|8600048|N|J
DKHOE|HOEJSLEV|8651040|J|N
DKHOE|HOEJSLEV|8600182|N|J
DKHOS|HOEJBY FYN|8620817|J|N
DKHOS|HOEJBY FYN|8600560|N|J
DKHOT|HOLTE|8600677|N|J
DKHOX|HOLSTEBRO|8600192|N|J
DKHPX|HOLMSTRUP|8600511|N|J
DKHQX|HOLSTED|8600221|N|J
DKHRM|HERNING MESSECENTER|8600276|N|J
DKHRX|HERNING|8600275|N|J
DKHTA|HOEJE TAASTRUP|8651031|J|N
DKHTX|HJORTSHOEJ|8683929|J|N
DKHTX|HJORTSHOEJ|8600153|N|J
DKHUL|HULSIG|8604105|N|J
DKHUM|HUMLEBAEK|8600666|N|J
DKHUT|HUSUM|8660897|J|N
DKHUX|HAMMERUM|8650885|J|N
DKHVX|HVALSOE|8651134|J|N
DKHWX|HVIDBJERG|8645697|J|N
DKHXX|HOERNING|8600059|N|J
DKHZX|HASLEV|8650904|J|N
DKIDX|VILDBJERG|8600298|N|J
DKIHX|ISHOEJ|8651173|J|N
DKIKX|IKAST|8651166|J|N
DKIST|ISLEV|8600704|N|J
DKISX|SIG|8660105|J|N
DKJLX|JELLING|8651185|J|N
DKJLX|JELLING|8600285|N|J
DKJYT|JYLLINGEVEJ|8651208|J|N
DKJYX|JYDERUP|8682497|J|N
DKKAE|KIBAEK|8651256|J|N
DKKAX|KAUSLUNDE|8600502|N|J
DKKBX|KALUNDBORG|8600727|N|J
DKKDX|KOLDING|8651318|J|N
DKKHX|KOEBENHAVN H|8600626|J|J
DKKID|KILDEDAL|8663482|J|N
DKKJX|KOEGE|8651312|J|N
DKKKX|OESTERPORT|8600650|N|J
DKKKX|OESTERPORT|8651898|J|N
DKKLU|KARLSLUNDE|8651231|J|N
DKKLU|KARLSLUNDE|8600771|N|J
DKKLX|KLAMPENBORG|8651278|J|N
DKKLX|KLAMPENBORG|8600659|N|J
DKKNX|NOERREPORT|8600646|N|J
DKKOE|KORSOER|8651343|J|N
DKKOX|KOLIND|8651320|J|N
DKKOX|KOLIND|8600160|N|J
DKKSX|KNABSTRUP|8651309|J|N
DKKSX|KNABSTRUP|8600721|N|J
DKKVS|KVAERNDRUP|8651380|J|N
DKKVS|KVAERNDRUP|8600565|N|J
DKKVX|KVISSEL|8651399|J|N
DKKVX|KVISSEL|8600005|N|J
DKKWX|KLIPLEV|8651288|J|N
DKKWX|KLIPLEV|8600318|N|J
DKLJX|LEJRE|8600715|N|J
DKLKX|LUNDERSKOV|8600086|N|J
DKLMX|LEM|8600203|N|J
DKLNX|LYNGS|8600395|N|J
DKLPT|HOVMARKEN|8667217|J|N
DKLPT|HOVMARKEN|8600164|N|J
DKLUX|LUNDBY|8600814|N|J
DKLYX|LYNGBY|8652745|J|N
DKLYX|LYNGBY|8600675|N|J
DKMOE|MOERKOEV|8675617|J|N
DKMOE|MOERKOEV|8600722|N|J
DKMRX|MOERKE|8600157|N|J
DKMWX|MAALOEV|8651551|J|N
DKNAX|NOERRE AABY|8673297|J|N
DKNEL|NY ELLEBJERG|8600783|N|J
DKNFX|NYKOEBING F|8600824|N|J
DKNGX|NYBORG|8600518|N|J
DKNOE|NOERREBRO|8651697|J|N
DKNOE|NOERREBRO|8600642|N|J
DKNVX|NOERRE ALSLEV|8649297|J|N
DKNVX|NOERRE ALSLEV|8600821|N|J
DKODD|ODDER|8651767|J|N
DKODX|ODENSE|8651770|J|N
DKODX|ODENSE|8600512|N|J
DKOEG|OELGOD ST|8600208|N|J
DKOEL|OELBY|8651784|J|N
DKOER|OERESTAD|8651560|J|N
DKOER|OERESTAD|8600856|N|J
DKOES|OESTBANETORVET|8677457|J|N
DKOJX|VOJENS|8652887|J|N
DKOJX|VOJENS|8600091|N|J
DKOKX|KOKKEDAL|8651313|J|N
DKOLX|HOLME OLSTRUP|8651051|J|N
DKOLX|HOLME OLSTRUP|8600809|N|J
DKOPX|ORDRUP|8600658|N|J
DKOSS|ODENSE SYGEHUS|8600526|N|J
DKOSX|HORNSLET|8600156|N|J
DKPAX|PADBORG|8600100|N|J
DKPBT|PETER BANGSVEJ|8600702|N|J
DKPDS|PEDERSTRUP|8600562|N|J
DKPEX|VIPPEROED|8600718|N|J
DKRBN|RIBE NOERREMARK|8600436|N|J
DKRBX|RIBE|8651971|J|N
DKRBX|RIBE|8600423|N|J
DKRDX|RANDERS|8651951|J|N
DKREJ|REJSBY|8651964|J|N
DKREJ|REJSBY|8600425|N|J
DKREX|RINGE|8651977|J|N
DKREX|RINGE|8600563|N|J
DKRFX|ROEDBY FAERGE|8600840|J|J
DKRIX|SJOERRING|8693705|J|N
DKRIX|SJOERRING|8600403|N|J
DKRKX|ROEDKAERSBRO|8600174|N|J
DKROX|ROSKILDE|8652026|J|N
DKROX|ROSKILDE|8600617|N|J
DKRQX|ROEDEKRO|8651996|J|N
DKRQX|ROEDEKRO|8600094|N|J
DKRTX|REGSTRUP|8600720|N|J
DKRUS|RUDME|8600564|N|J
DKRUX|RUNGSTED KYST|8652045|J|N
DKRYX|RY|8600261|N|J
DKSAE|SKODSBORG|8600661|N|J
DKSAX|SINDAL|8600007|N|J
DKSCX|SKALBJERG|8600508|N|J
DKSDB|SOENDERBORG|8600327|N|J
DKSDX|SKANDERBORG|8600061|N|J
DKSEJ|SEJSTRUP|8652117|J|N
DKSEJ|SEJSTRUP|8600420|N|J
DKSEX|SVEBOELLE|8652485|J|N
DKSEX|SVEBOELLE|8600724|N|J
DKSFT|SORGENFRI|8652349|J|N
DKSFT|SORGENFRI|8600636|N|J
DKSGB|SKAGEN|8652164|J|N
DKSGB|SKAGEN|8604115|N|J
DKSGX|SLAGELSE|8652254|J|N
DKSGX|SLAGELSE|8600605|N|J
DKSIS|STENSTRUP SYD|8652423|J|N
DKSIS|STENSTRUP SYD|8600567|N|J
DKSKO|SKOVLUNDE|8600707|N|J
DKSKT|SKOVBRYNET|8600693|N|J
DKSKX|SKIVE|8600183|N|J
DKSLL|SOELLESTED|8652314|J|N
DKSLL|SOELLESTED|8602645|N|J
DKSLX|SILKEBORG|8652130|J|N
DKSLX|SILKEBORG|8600266|N|J
DKSMX|STOHOLM|8600180|N|J
DKSNE|SNEDSTED|8600401|N|J
DKSOL|SOLROED STRAND|8652311|J|N
DKSOL|SOLROED STRAND|8600790|N|J
DKSOX|SOROE|8652350|J|N
DKSQX|SNEKKERSTEN|8652280|J|N
DKSQX|SNEKKERSTEN|8600668|N|J
DKSTR|STRUER|8600189|N|J
DKSTS|STENSTRUP|8600566|N|J
DKSTU|STUDSGAARD|8652472|J|N
DKSTU|STUDSGAARD|8600277|N|J
DKSTX|STENLOESE|8652418|J|N
DKSTX|STENLOESE|8600711|N|J
DKSVG|SVENDBORG|8600551|N|J
DKSVV|SVENDBORG VEST|8600555|N|J
DKSVX|SVEJBAEK|8600264|N|J
DKTAT|TAARNBY|8600857|N|J
DKTAX|TARM|8600206|N|J
DKTBX|TJAEREBORG|8600218|N|J
DKTDR|TOENDER|8652589|J|N
DKTDR|TOENDER|8600432|N|J
DKTDX|TROLDHEDE|8600279|N|J
DKTEX|TINGLEV|8652553|J|N
DKTEX|TINGLEV|8600097|N|J
DKTIX|THISTED|8600404|N|J
DKTLX|TAULOV|8600081|N|J
DKTMX|TIM|8600198|N|J
DKTOV|TORSOEVEJ|8600151|N|J
DKTOX|TOLNE|8652588|J|N
DKTOX|TOLNE|8600006|N|J
DKTPX|TOMMERUP|8652594|J|N
DKTPX|TOMMERUP|8600509|N|J
DKTRK|TREKRONER|8600755|N|J
DKTRN|TOENDER NORD|8600434|N|J
DKTUX|TRUSTRUP|8652630|J|N
DKTUX|TRUSTRUP|8600162|N|J
DKTYX|THYREGOD|8652549|J|N
DKUFX|ULFBORG|8600197|N|J
DKULX|UGLEV|8652691|J|N
DKUMX|HUMLUM|8600390|N|J
DKUPX|ULSTRUP|8697305|J|N
DKURX|HURUP THY|8600397|N|J
DKVAE|VAERLOESE|8600695|N|J
DKVAX|VARDE|8600212|N|J
DKVDX|HVIDING|8600424|N|J
DKVEM|VEMB|8600196|N|J
DKVGT|VIGERSLEV ALLE|8600804|N|J
DKVGX|VIBORG|8652823|J|N
DKVGX|VIBORG|8600176|N|J
DKVIS|VISBY|8600431|N|J
DKVIX|VIBY JYLLAND|8600054|N|J
DKVJS|VEJLE SYGEHUS|8652956|J|N
DKVJS|VEJLE SYGEHUS|8600281|N|J
DKVJX|VEJLE|8654985|J|N
DKVJX|VEJLE|8600073|N|J
DKVKA|VARDE KASERNE|8600249|N|J
DKVLB|VALLENSBAEK|8600767|N|J
DKVMX|VAMDRUP|8652722|J|N
DKVNO|VARDE NORD|8600213|N|J
DKVNX|VEJEN ST|8600223|N|J
DKVOX|VORDINGBORG|8600816|N|J
DKVPT|VESTERPORT|8600645|N|J
DKVPX|VINDERUP|8600187|N|J
DKVRX|VRAA|8600013|N|J
DKVYX|VIBY SJAELLAND|8600615|N|J
DKYDX|YDBY|8600396|N|J
EETAP|TAPA|2608000|J|J
ESAEH|IRUN|7111600|J|N
ESVAB|VIGO GUIXAR|7172308|J|N
FIAAE|RIIHIMAEKI|1000040|N|J
FIAAH|KARJAA/KARIS|1084800|J|N
FIAAT|PARKANO|1000215|J|N
FIKAN|KANNELMAEKI|1000144|J|N
FILUO|LUOMA|1000176|J|N
FIQLF|LAHTI/LAHTIS|1038400|J|N
FISVK|SAVONLINNA LINJA-AUTOASEMA|1050277|J|N
FITOL|TOLSA|1000240|N|J
FIVNS|VUONISLAHTI|1000467|J|N
FRAEG|STRASBOURG|8789023|J|N
FRCBM|CHAMBOURG MAIRIE|8733754|J|N
FRDNR|DINARD|8747823|N|J
FRIAY|PIENE FRONTIERE|8775697|J|J
FRMPO|PARIS PTE MAILLOT (RER)|8775899|N|J
FRPST|PARIS EST|8711300|J|J
FRRMI|REMILLY|8719223|J|J
FRVEL|VELLUIRE|8733417|N|J
HRACM|PLOCE|7878680|N|J
HRADK|SISAK|7872901|J|J
HRBJE|BJELOVAR|7873307|N|J
HRBMA|BIOGRAD NA MORU AUTOBUSNI KOLODVOR|7889053|J|N
HRBRL|BRLOG GRAD|7891574|J|N
HRDJA|DJAKOVO|7871808|N|J
HRDJR|DJURDJEVAC|7873010|J|J
HRDJU|DJURDJENOVAC|7873903|J|J
HRGAR|GARCIN|7872804|J|J
HRILA|ILACA|7871002|J|J
HRKAM|KAMANJE|7875305|J|J
HRKOS|KOSKA|7871906|J|J
HRLUP|LUPOGLAV|7877400|J|J
HRNOS|NOVOSELEC|7872511|J|J
HROKU|OKUCANI|7872606|J|J
HROPA|OPATIJA-MATULJI|7875611|N|J
HRPRS|PERUSIC|7876106|J|J
HRSAK|SLATINA AUTOBUSNI KOL|7889083|J|N
HRSAV|SAVSKI MAROF|7874102|J|J
HRSIB|SIBINJ|7872702|J|J
HRSLA|SLATINA|7873909|N|J
HRSLK|SLAKOVCI|7864726|J|N
HRSPB|SPLIT AUTOBUSNI KOLODVOR|7889057|J|N
HRSTM|STARI MIKANOVCI|7871103|J|J
HRSTR|STRIZIVOJNA-VRPOLJE|7860368|J|N
HRSVG|SLAVON. SAMAC(GR)|7878804|N|J
HRSVS|SLAVONSKI SAMAC|7878803|N|J
HRVAK|VALPOVO AUTOBUSNI KOL|7889043|J|N
HRVAR|VARAZDIN|7874460|J|J
HRVIN|VINKOVCI|7871160|J|J
HRVIR|VIROVITICA|7873003|J|J
HRVOD|VODICE AUTOBUSNI KOLODVOR|7889054|J|N
HRVRB|VRBOVEC|7873110|J|J
HRVRH|VRHOVINE|7876011|N|J
HRVUB|VUKOVAR-BOROVO NASELJE|7871204|N|J
HRVUK|VUKOVAR|7871452|J|J
HRVVA|VUKOVAR AUTOBUSNI KOL|7889048|J|N
HUAAC|BUDAPEST-DELI|5501016|J|J
HUAAJ|CELLDOEMOELK|5502170|N|J
HUAAO|GYOER|5501289|N|J
HUAAP|PECS|5507294|J|J
HUAAW|MISKOLC-TISZAI|5511387|N|J
HUABB|BALATONBOGLAR|5503475|J|J
HUABH|BALATONSZENTGYOERGY|5503566|N|J
HUABP|HAJDUSZOBOSZLO|5513888|J|J
HUABX|KISKOEROES|5516261|N|J
HUACA|RAJKA|5501974|J|N
HUBAL|BALATONFUERED|5504416|N|J
HUBKB|BEKESCSABA|5518036|J|J
HUEGE|EGER|5512401|N|J
HUFER|BUDAPEST-FERENCV|5510025|J|J
HUFUE|FUEZESABONY|5548808|J|N
HUFUE|FUEZESABONY|5511296|N|J
HUGYM|GYOMA|5517863|J|J
HUKIK|KISTELEK|5517160|J|J
HUKUN|KUNSZENTMIKLOS-TASS|5516204|N|J
HUPUE|PUESPOEKLADANY|5513862|N|J
HUSAL|SALGOTARJAN|5511916|J|J
HUTOK|TOKAJ|5511478|J|J
HUVAM|VAMOSGYOERK|5540808|J|N
IEAAC|DUBLIN|6084906|N|J
ITAAB|NOVARA|8300248|J|J
ITAAF|OLEGGIO|8300984|J|J
ITAAM|BORGOSESIA|8300104|N|J
ITABN|ROMAGNANO SESIA|8300109|N|J
ITABW|ORTA-MIASINO|8300012|J|J
ITABZ|TORTONA|8301810|J|J
ITACB|VALENZA|8300041|J|J
ITACH|TORRE PELLICE|8300524|N|J
ITACN|VARALLO SESIA|8300100|N|J
ITADE|ORISTANO|8312878|J|J
ITADS|SONDRIO|8301430|J|J
ITADW|DESIO|8301320|J|J
ITAEC|CORNUDA|8302569|J|J
ITAHO|PORTOGRUARO-CAORL|8387278|J|N
ITAIL|PESCHIERA D.GARDA|8350124|J|N
ITAIW|TREVISO CENTRALE|8302712|J|J
ITAJA|ARCISATE|8301116|N|J
ITAJL|BORGO VAL DI TARO|8306161|J|J
ITAKA|LA SPEZIA C.LE|8351278|J|N
ITALK|TERONTOLA-CORTONA|8306922|J|J
ITALL|RAPALLO|8304720|J|J
ITALN|VARAZZE|8304531|J|J
ITALU|CAPRALBA|8397649|J|N
ITALV|SEZZADIO|8302102|N|J
ITAMQ|FABRIANO|8307208|J|J
ITANK|OSTIGLIA|8305304|J|J
ITANW|VASTO-S.SALVO|8307824|J|J
ITAOD|MONSELICE|8305703|J|J
ITAOO|RIMINI MIRAMARE|8307100|J|J
ITAOP|RIMINI VISERBA|8305820|J|J
ITAOT|PORTO RECANATI|8307504|J|J
ITAPR|CAMPOBASSO|8309459|N|J
ITARE|ROMA S. PIETRO|8301017|J|J
ITARG|CISTERNA DI LAT.|8308603|N|J
ITARJ|TARQUINIA|8308009|J|J
ITASB|POMPEI|8309810|J|J
ITASF|S. BONIFACIO|8302440|N|J
ITASJ|FOSSATO VICO-GUB.|8329118|J|N
ITATV|S. SEVERO|8321838|J|N
ITAUV|POTENZA CENTRALE|8350291|J|N
ITAUX|SPEZZANO ALBANESE|8355842|J|N
ITAVI|PONTIDA|8301952|N|J
ITAXL|LENTINI|8312341|J|J
ITAYS|SAPRI|8311721|J|J
ITAYV|RAGUSA|8312414|J|J
ITAZB|CENTOLA|8311715|J|J
ITAZO|ARENZANO|8300611|N|J
ITBAE|GAGGIANO|8301538|N|J
ITBAQ|BARI|8313520|N|J
ITBAR|BARAGIANO - ROUTI|8391438|J|N
ITBBM|ROSETO CAPO SPULICO|8300821|N|J
ITBEM|BELLA-MURO|8326078|J|N
ITBER|BERGAMO|8301529|J|J
ITBFY|CIVITA D ANTINO MORINO|8302520|N|J
ITBGD|TORINO P.N.|8387190|J|N
ITBIS|BISCEGLIE|8311113|J|J
ITBNO|BAVENO|8301015|J|J
ITBRU|BRUNICO BRUNECK|8352878|J|N
ITBUO|BUONCONVENTO|8306874|J|J
ITBUS|BUSALLA|8304215|J|J
ITCDS|CASTEL DI SANGRO|8308910|J|J
ITCHO|CHIASSO|8301301|N|J
ITCHT|CHIETI|8307712|J|J
ITCTI|CANICATTI|8312375|J|J
ITCTT|CONTURSI TERME|8352401|J|N
ITEMP|EMPOLI|8306510|J|J
ITFAE|FAENZA|8305058|J|J
ITFAM|FALCONARA M.MA|8368398|J|N
ITFIA|FORMIA|8308640|J|J
ITFIR|FIRENZE|8399003|N|J
ITFLG|FINALE LIGURE MNA|8334478|J|N
ITFMS|FORTE D.M.-S.-Q.|8362718|J|N
ITFRI|FIRENZE RIFREDI|8306420|J|J
ITGDC|GIOIA DEL COLLE|8311505|J|J
ITGDF|GEMONA DEL FRIULI|8303019|J|J
ITGDZ|GRISIGNANO DI ZOCCO|8302579|N|J
ITGIP|S. GIOVANNI IN P.|8300229|J|J
ITGNV|GIULIANOVA|8307802|J|J
ITGSA|GENOVA SAMPIERD.|8367278|J|N
ITGUA|GUARDAVALLE|8300828|N|J
ITIMP|IMPERIA|8304523|N|J
ITIPM|IMPERIA P. M.|8343278|J|N
ITITO|ISELLE TRANSITO|8301975|J|J
ITMDD|MADDALONI INFER.|8367038|J|N
ITMOE|MONGUELFO-V.CAS.|8340318|J|N
ITNOG|NOGARA|8305310|J|J
ITOCS|OULX-C.-C.-SESTR.|8379990|J|N
ITOLG|OLGIATE-CALCO BR.|8301514|N|J
ITORT|ORTONA|8307815|J|J
ITPOL|POLIGNANO A MARE|8311128|J|J
ITPOT|PORTO TORRES|8312802|J|J
ITPRM|PRIOLO-MELILLI|8312347|J|J
ITPSR|PESCARA CENTRALE|8307810|J|J
ITRCQ|REGGIO DI CALABRIA|8313515|N|J
ITRIM|RIMINIFIERA|8361210|J|N
ITRIO|RIOMAGGIORE|8300547|N|J
ITRIP|RIARDO-PIETRAMEL.|8383729|J|N
ITRSL|ROSOLINI|8302660|N|J
ITRTB|ROMA TIBURTINA|8308217|J|J
ITSAA|S. ANTIMO-S. ARP.|8301145|J|J
ITSDA|SICIGNANO D. ALB.|8350268|J|N
ITSDR|ISELLE DI TRASQUERA|8357375|J|N
ITSEF|SESTO FIORENTINO|8302103|N|J
ITSRE|SAN REMO|8304505|N|J
ITTEA|TEANO|8309205|J|J
ITTEL|TELESE-CERRETO|8309326|J|J
ITTOQ|TORINO|8399008|N|J
ITTRR|TERRACINA|8308809|J|J
ITTRS|TORINO PORTA SUSA|8300035|J|J
ITVEP|VERBANIA-PALLANZA|8301013|J|J
ITVIZ|VIZZINI-LICODIA|8312273|J|J
ITVOP|VILLA OPICINA|8303466|J|J
ITVPF|VITERBO P. FIOR.|8367598|J|N
ITVRN|VERONA P. N.|8380078|J|N
ITVZZ|VERNAZZA|8304733|J|J
LTKAU|KAUNAS|2412310|J|J
LTKAZ|KAZLU RUDA|2412340|J|J
LTKLA|KLAIPEDA|2410800|J|J
LTTMS|TURMANTAS|2412910|J|J
LUBDF|BETZDORF|8200318|N|J
LUBES|BERTRANGE-STRASSEN|8200510|N|J
LUBET|BETTEMBOURG|8200603|J|J
LUBHM|BERCHEM|8200601|N|J
LUESA|ESCH-SUR-ALZETTE|8200640|J|J
LUGOB|GOEBELSMUHLE|8200129|N|J
LUHDF|HEISDORF|8200112|N|J
LUKAY|KAYL|8200622|J|J
LULUX|LUXEMBOURG|8289100|J|N
LUMLM|MAULUSMUHLE|8200135|N|J
LUNZE|NOERTZANGE|8200191|J|J
LUOBK|OBERKORN|8200916|J|J
LURSE|ROODT/SYRE|8200316|J|J
LUSBK|SAARBRUECKEN|8225391|N|J
LUSCH|SCHIFFLANGE|8200630|J|J
LUSIN|SCHIEREN|8200111|J|J
LUSWC|SANDWEILER-CONTERN|8200208|N|J
LUSWR|SCHOUWEILER|8200716|J|J
LVVLG|VALGA(GR)|2625010|N|J
NLAML|ALMELO|8400051|J|J
NLAMM|ALMERE MUZIEKWK|8400082|N|J
NLAMO|ALMERE OOSTV.|8450027|J|N
NLAPR|ALPHEN A/D RIJN|8442401|J|N
NLBDP|BREDA PRINSENBK|8400132|N|J
NLBDP|BREDA PRINSENBK|8493681|J|N
NLBHV|BILTHOVEN|8400114|J|J
NLBMN|BRUMMEN|8400136|J|J
NLBMR|BOXMEER|8400128|J|J
NLBNC|BARNEVELD CTRM|8400091|N|J
NLBNE|BORNE|8400124|N|J
NLBNN|BARNEVELD NOORD|8400092|J|J
NLBSZ|BUSSUM ZUID|8400145|J|J
NLBTP|BUITENPOST|8400139|J|J
NLBVF|BOVENKARSPEL FL.|8400230|N|J
NLBVG|BOVENKARSPEL-GR.|8400127|N|J
NLBVH|BOVEN-HARDINXVELD|8400236|N|J
NLCSV|CAPELLE SCHOLLVR|8400147|N|J
NLCVM|CHEVREMONT|8400152|N|J
NLDDN|DELDEN|8400169|J|J
NLDHC|DEN HAAG C.|8460161|J|N
NLDHH|DEN HAAG HS|8400280|J|J
NLDHL|DEN HAAG LNOI|8400380|N|J
NLDHM|DEN HAAG MARIAH.|8400278|N|J
NLDHW|DEN HAAG MOERWK|8400279|N|J
NLDLN|DALEN|8400161|N|J
NLDSN|DALFSEN|8400167|J|J
NLDTH|DOETINCHEM DE H.|8400184|N|J
NLDVC|DEVENTER COLMSCH|8400185|N|J
NLDZW|DELFZIJL WEST|8400175|J|J
NLECT|ECHT|8400195|J|J
NLEDL|ENSCHEDE KENNISPARK|8400221|N|J
NLEGM|EYGELSHOV. MARKT|8400234|N|J
NLEGM|EYGELSHOV. MARKT|8450048|J|N
NLEHB|EINDHOVEN STRIJP-S|8400196|N|J
NLEMN|EMMEN|8400208|N|J
NLGAD|GAANDEREN|8400241|J|J
NLGCZ|GRONINGEN CS HOOFDSTATION|8489263|J|N
NLGDA|GOUDA|8400258|J|J
NLGDP|GELDROP|8400245|J|J
NLGKK|GRIJPSKERK|8400267|J|J
NLGLO|GELEEN OOST|8400246|J|J
NLGOS|GOES|8400253|J|J
NLHBR|HELMOND BRANDEV.|8450042|J|N
NLHBZ|HARDINXVELD BLAUWE ZOOM|8400438|N|J
NLHDB|HARDENBERG|8400293|J|J
NLHDD|HEMMEN-DODEWAARD|8400315|J|J
NLHDL|HINDELOOPEN|8400323|J|J
NLHDV|HARDINXVELD-G.|8400295|N|J
NLHDW|HARDERWIJK|8400294|J|J
NLHGS|HOOGEZAND-SAPP.|8400331|N|J
NLHGS|HOOGEZAND-SAPP.|8439361|J|N
NLHHH||8478561|J|N
NLHKK|HEEMSKERK|8400317|J|J
NLHLH|HARLINGEN HAVEN|8400298|J|J
NLHLO|HEILOO|8400309|J|J
NLHLR|HOLL. RADING|8400327|N|J
NLHLS|HAARLEM SP'WOUDE|8400270|N|J
NLHLS|HAARLEM SP'WOUDE|8457176|J|N
NLHLW|HEERLEN WOONB.|8400404|N|J
NLHMB|HELMOND BROUWHS|8400299|N|J
NLHMD|HELMOND|8400313|J|J
NLHMH|HELMOND 'T HOUT|8400300|J|J
NLHNO|HEINO|8400310|J|J
NLHOK|HOORN KERSENBGD|8400336|N|J
NLHON|HOORN|8400337|J|J
NLHRN|HAREN|8400297|N|J
NLHRY|HEERENVEEN IJS.|8400301|N|J
NLHRY|HEERENVEEN IJS.|8450020|J|N
NLHSA|HEEMSTEDE-AERD.|8400302|N|J
NLHSP|HILVERSUM SPORTP|8400570|N|J
NLHTS|HOUTHEM-ST.GERL.|8400341|N|J
NLHVL|HOEVELAKEN|8400490|J|J
NLHWZ|HALFWEG_ZWANENBURG|8400400|N|J
NLIJT|IJLST|8400722|J|J
NLKBD|KRABBENDIJKE|8400367|J|J
NLKMA|KROMMENIE-ASS.|8400368|N|J
NLKPB|KAPELLE-BIEZEL.|8400354|N|J
NLKPB|KAPELLE-BIEZEL.|8440161|J|N
NLKPN|KAMPEN|8400353|N|J
NLKPN|KAMPEN|8432161|J|N
NLKRB|KLARENBEEK|8400361|J|J
NLKWD|KROPSWOLDE|8400369|J|J
NLLLC|LELYSTAD CENTRUM|8400394|J|J
NLMTR|MAASTR. RANDWYCK|8400426|N|J
NLMTT|MAASTRICHT|8400424|J|J
NLNUH|NUTH|8400467|J|J
NLODB|OUDENBOSCH|8400498|J|J
NLODM|OBDAM|8400480|J|J
NLOLT|OLST|8400486|N|J
NLOLT|OLST|8484241|J|N
NLOMN|OMMEN|8400487|J|J
NLOSS|OSS|8400495|J|J
NLPMW|PURMEREND WEIDEV|8450050|J|N
NLRBL|ROTTERDAM BLAAK|8400529|J|J
NLRDN|RHEDEN|8469841|J|N
NLRLO|RUURLO|8400537|J|J
NLRNN|RHENEN|8400517|J|J
NLRSD|ROOSENDAAL|8400526|J|J
NLRSN|RIJSSEN|8400538|J|J
NLRST|ROTTERDAM STADION|8400534|N|J
NLRTC|ROTTERDAM C.|8400530|N|J
NLSDA|SCHEEMDA|8400551|J|J
NLSDK|SOESTDIJK|8400569|J|J
NLSDT|SLIEDRECHT|8400565|J|J
NLSHL|SCHIPHOL AIRPORT|8464241|J|N
NLSMN|SWALMEN|8400583|J|J
NLSNN|SCHINNEN|8400554|J|J
NLSNO|SNEEK NOORD|8400574|J|J
NLSPO|SAPPEMEER OOST|8400545|J|J
NLSTD|SITTARD|8400564|J|J
NLTBG|TILBURG|8400597|J|J
NLTBO|TERBORG|8400592|J|J
NLTBW|TILBURG UNIVERSITEIT|8465841|J|N
NLTWE|TWELLO|8400599|J|J
NLULR|UTRECHT LEIDSCHE RIJN|8400607|N|J
NLUQT|USQUERT|8400619|J|J
NLUTL|UTRECHT LUNETTEN|8400623|J|J
NLUVR|UTRECHT VAARTSCHE RIJN|8400606|N|J
NLVBU|VOORBURG|8400658|J|J
NLVDN|VORDEN|8400661|J|J
NLVDW||8400642|J|N
NLVKB|VALKENBURG|8400632|N|J
NLVNK|VEENENDAAL-DE KL|8400637|N|J
NLVNW|VEENENDAAL WEST|8400628|J|J
NLVSS|VLISSINGEN SOUB.|8400653|N|J
NLVST|VOORSCHOTEN|8400659|J|J
NLWEP|WEESP|8400685|J|J
NLWET|WEERT|8400684|J|J
NLWKM|WORKUM|8400706|J|J
NLWVN|WADDINXVEEN NRD|8437121|J|N
NLWVN|WADDINXVEEN NRD|8400674|N|J
NLWZP|WEZEP|8400690|J|J
NLZDM|ZAANDAM|8400731|J|J
NLZTM|ZOETERMEER|8400741|J|J
NOAAH|FREDRIKSTAD|7600522|J|J
NOAEW|STEINVIK|7600202|J|J
NOAEZ|STAI|7600206|N|J
NOAFF|ALVDAL|7600211|N|J
NOAFM|REITAN|7600220|N|J
NOAJA|BERGEN|7673096|J|N
NOSJL|TORP|7601513|N|J
PLABG|RZESZOW|5108266|N|J
PLABT|OPOLE GL.|5106060|N|J
PLACR|CZECHOWICE DZ.|5173920|J|N
PLACR|CZECHOWICE DZ.|5107600|N|J
PLAFD|WALBRZYCH GL.|5105510|N|J
PLAIE|SWINOUJSCIE|5100100|J|J
PLBIE|BIELSKO BIALA GL.|5107610|N|J
PLBZD|BRZEG DOLNY|5106026|J|J
PLBZZ|BYDGOSZCZ GL.|5101840|N|J
PLBZZ|BYDGOSZCZ GL.|5138560|J|N
PLCDZ|CHODZIEZ|5101618|J|J
PLCHO|CHORZOW MIASTO|5120240|J|N
PLCIE|CIECHOCINEK|5102155|N|J
PLCTS|CZESTOCHOWA S.|5106280|N|J
PLDEB|DEBICA|5108120|J|J
PLFSW|FOSOWSKIE|5106150|J|J
PLGDA|GDANSK GL.|5170560|J|N
PLGDA|GDANSK GL.|5100750|N|J
PLGLI|GLINICZEK|5108337|J|J
PLGLU|GLUCHOLAZY|5105710|J|J
PLGOR|GORZOW WLKP.|5101390|J|J
PLGYW|GDYNIA GL.|5100590|N|J
PLHEN|HERBY NOWE|5107180|J|J
PLILA|ILAWA GL.|5102180|N|J
PLJAB|JABLONOWO POM.|5102090|N|J
PLJAW|JAWORZYNA SLASKA|5105440|N|J
PLJSZ|JAWORZNO SZCZAK.|5107390|N|J
PLKAL|KALISZ|5104524|J|J
PLKAM|KAMIENIEC ZABK.|5105640|N|J
PLKAP|KAMIEN POMORSKI|5100165|N|J
PLKBB|KRAKOW GL BUS BOS|5154624|J|N
PLKBB|KRAKOW GL BUS BOS|5108031|N|J
PLKEP|KEPNO|5104540|J|J
PLKOG|KOLOBRZEG|5100410|J|J
PLKON|KONIN|5103310|J|J
PLKOS|KOSZALIN|5100440|J|J
PLKOZ|KOMANCZA|5108412|J|J
PLKSC|KOSCIAN|5104340|J|J
PLKUB|KUBICE|5105678|J|J
PLKUZ|KUZNICA BIALOST.|5124960|J|N
PLKUZ|KUZNICA BIALOST.|5102500|N|J
PLKZY|KOSTRZYN|5101300|J|J
PLLWO|LWOWEK SLASKI|5105216|J|J
PLMLY|MLYNARY|5101144|N|J
PLMOL|MOGILNO|5103200|J|J
PLOBO|OBORNIKI SLASKIE|5105878|J|J
PLOLE|OLESNICA|5105950|N|J
PLOLS|OLSZTYN GL.|5100920|N|J
PLOST|OSTROWIEC SWIET.|5104920|N|J
PLOTR|OSTRODA|5102200|J|J
PLPAS|PASLEK|5101093|J|J
PLPIL|PILA GL.|5101440|N|J
PLPIO|PIOTRKOW TRYB.|5104770|N|J
PLPLO|PLOTY|5100195|J|J
PLPSZ|PSZCZYNA|5107590|J|J
PLRAW|RAWICZ|5104430|J|J
PLRUD|RUDNA GWIZDANOW|5106044|J|J
PLRYB|RYBNIK|5106820|N|J
PLSAN|SANOK|5108360|J|J
PLSKA|SKARZYSKO KAM.|5104800|N|J
PLSKO|SKOCZOW|5107578|J|J
PLSKW|STRZELCE KRAJ.W.|5101430|N|J
PLSLU|SLUPSK|5100470|J|J
PLSOL|SOLEC K.|5101984|N|J
PLSOS|SOSNOWIEC GL.|5107465|N|J
PLSOW|SOWIN|5105675|J|J
PLSTA|STAROGARD GDANSKI|5100860|J|J
PLSUC|SUCHA BESKIDZKA|5107840|J|J
PLSUL|SULECHOW|5102730|J|J
PLSUW|SUWALKI|5101280|J|J
PLSWI|SWIEBODZIN|5102810|J|J
PLSWM|SWIDNIK MIASTO|5105048|J|J
PLSWR|STALOWA WOLA ROZW|5106500|N|J
PLSZC|SZCZECIN|5100027|N|J
PLSZC|SZCZECIN|5100039|N|J
PLSZK|SZKLARSKA POR. G.|5105618|N|J
PLTAR|TARNOWSKIE GORY|5107100|J|J
PLTMM|TOMASZOW MAZ.|5104760|N|J
PLTOM|TORUN MIASTO|5101979|J|J
PLTOP|TOPOROW|5102818|J|J
PLTOR|TORUN GL.|5101970|N|J
PLTRP|TERESPOL|5104099|J|J
PLTUC|TUCHOW|5108098|J|J
PLTUL|TULOWICE|5105676|N|J
PLUST|USTKA|5100495|J|N
PLWAC|WARSZAWA CENTR.|5103360|N|J
PLWAR|WARSZAWA|5103362|N|J
PLWAW|WARSZAWA WSCH.|5103865|N|J
PLWAZ|WARSZAWA ZACH.|5103350|N|J
PLWBS|WROBLIK SZLACH.|5108358|N|J
PLWDZ|WIDACZ|5108357|J|J
PLWEJ|WEJHEROWO|5100630|J|J
PLWIU|WISLA UZDR.|5107699|N|J
PLWLO|WLOCLAWEK|5102160|J|J
PLWLZ|WIELICZKA|5108044|N|J
PLWOD|WODZISLAW SL.|5106840|J|J
PLWRO|WRONKI|5102896|J|J
PLWRY|WROCLAW GL.|5106010|N|J
PLWYS|WYSOKA KAMIENSKA|5100156|N|J
PLZAM|ZAMOSC|5106590|J|J
PLZEB|ZEBRZYDOWICE(GR)|5107555|J|J
PLZEZ|ZEBRZYDOWA|5105210|J|J
PLZKC|ZABNO K CHOJNIC|5150522|J|N
PLZWK|ZDUNSKA WOLA KAR.|5101940|N|J
PLZZD|ZEGIESTOW ZDROJ|5108255|J|J
ROAAS|ORADEA|5332663|J|J
ROBIH|BIHARKERESZTES (GR.)|5300942|N|J
RUABA|ABAKAN|2088800|J|J
RUABD|ABDULINO|2062103|J|N
RUABI|ABINSKAYA|2078103|J|N
RUABK|ABAKUMOVKA|2051944|J|N
RUABR|ABROSOVO|2027552|J|N
RUADA|ADADUROVO|2073640|J|N
RUADL|ADLER|2053280|J|J
RUAFR|AFRIKANDA|2054903|J|N
RUAGA|AGA|2078584|J|N
RUAKS|AKSAKOWO|2032503|J|N
RUALS|ALESHINKA|2065216|J|N
RUAMG|AMGUN|2022664|J|N
RUANA|ANAPA|2090903|J|N
RUAND|ANDREAPOL|2035703|J|N
RUANR|ANDRIANOVICHI|2055070|J|N
RUARB|ARBUSOWO|2029383|J|N
RUARG|ARGA|2050504|J|N
RUARK|ARKADAK|2030183|J|N
RUART|ARTEMOVO|2023552|J|N
RUARZ|ARZAMAS 1|2070183|J|N
RUASC|ASCHA|2046983|J|N
RUASH|ASCHULUK|2054983|J|N
RUASZ|ASKIZ|2033446|J|N
RUATE|ARTESIAN|2022983|J|N
RUATI|ARTISHTA 2|2070246|J|N
RUATK|ATKARSK|2060880|J|J
RUATS|ARTSCHEDA|2030983|J|N
RUAZA|AZANKA|2031640|J|N
RUAZM|ARZAMAS 2|2078183|J|N
RUBAD|BADA|2096583|J|N
RUBAG|BAGAN|2041383|J|N
RUBEK|BELINSKAJA|2052663|J|N
RUBEL|BELGOROD|2048080|J|N
RUBGO|BOGOTOL|2065463|J|N
RUBIA|BIRAKAN|2033584|J|N
RUBIK|BIKIN|2071863|J|N
RUBIS|BISER|2040663|J|N
RUBIU|BIRKCHUL|2056744|J|N
RUBOG|BOGATOE|2033463|J|N
RUBOO|BELOWO|2045463|J|N
RUBOU|BOGUCHAN|2027232|J|N
RUBSN|BERESCHINO|2062263|J|N
RUBUL|BURLA|2028743|J|N
RUBUR|BUREPOLOM|2099863|J|N
RUDAR|DARASUN|2042343|J|N
RUDME|MOSKVA BELORUSSKAJA|2088880|J|N
RUELB|ELBAN|2096031|J|N
RUELE|ELEC|2059300|J|J
RUELG|ELGA|2044264|J|N
RUELI|ELISENVAARA|2037072|J|N
RUELN|ELNYA|2085296|J|N
RUERG|ERGA|2057312|J|N
RUEZE|EZERISCE(GR)|2006713|J|J
RUFEV|FEVRALSK|2092264|J|N
RUFOR|FOREL|2049632|J|N
RUGAG|GAGARIN|2020911|J|N
RUGOG|GOGINO|2025384|J|N
RUGOK|GORKINO|2038992|J|N
RUIKK|IRKUTSK-SORT|2093791|J|N
RUILE|ILEZA|2026112|J|N
RUIMA|IMATOZERO|2054832|J|N
RUINT|INTA 1|2037791|J|N
RUIRB|IRBIT|2026040|J|N
RUISA|ISA|2072264|J|N
RUISI|ISIL KUL|2050175|J|N
RUISK|ISAKOGORKA|2046591|J|N
RUITA|ITAT|2063391|J|N
RUIVD|IVDEL 1|2089240|J|N
RUJIR|JIREKEN|2074591|J|N
RUJUA|JURGA 1|2075391|J|N
RUKAL|KALININGRAD|2010009|J|J
RUKAS|KASHIN|2020432|J|N
RUKEK|KERKI|2055712|J|N
RUKGP|KARGAPOLE|2057871|J|N
RUKGT|KARGAT|2065871|J|N
RUKIM|KIMOVSK|2030200|J|N
RUKIZ|KIZEL|2094120|J|N
RUKKJ|KAMENSKAJA|2054671|J|N
RUKKU|KASTORNAJA-KURSKAJA|2035471|J|N
RUKLA|KULUNDA|2084470|J|J
RUKLJ|KLJUTSCHIKI|2024351|J|N
RUKLM|KARLAMAN|2071984|J|N
RUKLT|KOLTUBANKA|2058751|J|N
RUKNG|KUENGA|2059631|J|N
RUKOC|KOLCHEDAN|2056440|J|N
RUKOJ|KOJURLA|2057944|J|N
RUKOK|KOKOSHINO|2081944|J|N
RUKOZ|KOZELSK|2089160|J|N
RUKRG|KARGALA|2049871|J|N
RUKRM|KRIMSKAJA|2097231|J|N
RUKRN|KRASNODAR 1|2056431|J|N
RUKRU|KRUGLOE POLE|2025000|J|N
RUKSF|KRASNOUFIMSK|2057231|J|N
RUKSK|KURSK|2020820|J|J
RUKSN|KRASNOKAMENSK|2035046|J|N
RUKSO|KIRSANOW|2085951|J|N
RUKSU|KARASUK 1|2083560|J|J
RUKTK|KULATKA|2099631|J|N
RUKTY|KARTALY 1|2039483|J|N
RUKUE|KUEDA|2051631|J|N
RUKUG|KALUGA 2|2078571|J|N
RUKZM|KIZEMA|2089312|J|N
RULAD|LADVA|2062032|J|N
RULAK|LAKI|2071711|J|N
RULAN|LANGUR|2097240|J|N
RULAS|LASAREWSKAJA|2040511|J|N
RULAZ|LAZO|2077712|J|N
RULEF|ST PETERSBURG LADOJ|2055939|J|N
RULET|LETNIJ|2050111|J|N
RULEZ|LESOZAVODSK 1|2022512|J|N
RULGO|LGOW-KIEWSKIJ|2066111|J|N
RULIC|LICHAJA|2077771|J|N
RULIN|LINEVO|2061944|J|N
RULIP|LIPECK|2059250|J|J
RULIS|LISKI|2058200|J|N
RULJB|LJUBINSKAJA|2090911|J|N
RULJU|LJUBIM|2082911|J|N
RULNN|LENINSK|2073311|J|N
RULOK|LOKNJA|2053584|J|N
RULOM|LOMOVATKA|2065312|J|N
RULON|LONDOKO|2028112|J|N
RULOO|LOO|2020591|J|N
RULOP|LOPATKOVO|2071640|J|N
RULRB|LARBA|2024511|J|N
RULUJ|LUJAIKA|2002133|N|J
RULUN|LUNDANKA|2083056|J|N
RUMAR|MARIINSK|2032591|J|N
RUMED|MEDNOGORSK|2034472|J|N
RUMEI|MEGION|2050191|J|N
RUMEL|MELEUZ|2099400|J|N
RUMEN|MENGON|2096832|J|N
RUMEV|MEDVEDCHIKOVO|2044824|J|N
RUMGA|MGA|2052432|J|N
RUMIA|MIASS 1|2050991|J|N
RUMIH|MICHURINSK URALSKIJ|2055042|J|N
RUMIK|MIKUN|2082991|J|N
RUMIL|MILLEROWO|2054975|J|N
RUMIU|MINUSINSK|2067791|J|N
RUMOO|MOSKVA OKTIABRSKAIA|2078480|J|N
RUMRT|MORTKA|2085792|J|N
RUMSK|MOSKALENKI|2061471|J|N
RUMVK|MOSKVA KIEVSKAJA|2029680|J|N
RUNAH|NAHODKA|2055358|J|N
RUNAL|NALCHIK|2053790|J|J
RUNAR|NAZRAN|2084566|J|N
RUNAW|NAWLJA|2040671|J|N
RUNEB|NEBOLCHI|2076648|J|N
RUNEL|NELIDOWO|2074647|J|N
RUNEP|NEPRIK|2041471|J|N
RUNEW|NEWEL 2|2051024|J|N
RUNIK|NIKEL|2042472|J|N
RUNNM|NISH.NOVGOROD MOSK.|2024911|J|N
RUNOJ|NOVOSIBIRSK-JUJNIJ|2051065|J|N
RUNOO|NOWOOTRADNAJA|2053551|J|N
RUNOZ|NOVOSIBIRSK-ZAPADNIJ|2046351|J|N
RUNST|NESTEROV|2010050|J|J
RUNWB|NOWOKUJBISCHEWSKAJA|2029551|J|N
RUOBR|OBORONA|2031151|J|N
RUOLE|OLEKMA|2039951|J|N
RUORS|ORSK|2050168|J|N
RUOVE|OVECHKINO|2099464|J|N
RUPAL|PALAGIADA|2044072|J|N
RUPET|ST PETERSBURG|2003602|N|J
RUPLS|PLES|2085720|J|N
RUPRR|PRIURALE|2086680|J|N
RURJA|RJASHSK 1|2050145|J|N
RURSK|ARSK|2086183|J|N
RURUK|RUKOPOL|2088872|J|N
RUSAN|SANBOLI|2052199|J|N
RUSAT|SATIS|2069799|J|N
RUSBE|SBEGA|2038599|J|N
RUSCE|SCHEPSI|2064199|J|N
RUSCH|SCHTSCHIGRI|2049799|J|N
RUSCT|SCHACHTNAJA|2054599|J|N
RUSEL|SELEGVOJ|2033472|J|N
RUSEV|SEVERODVINSK|2029446|J|N
RUSIG|SISRAN GOROD|2034679|J|N
RUSKO|SKOPIN|2038200|J|N
RUSLA|SELENGA|2027399|J|N
RUSLN|SELENDUMA|2070424|J|N
RUSLS|SALSK|2051840|J|J
RUSLZ|SELEZNI|2052752|J|N
RUSMR|SAMARA|2065790|J|J
RUSTB|SHTABKA|2040344|J|N
RUSTP|STEP|2086584|J|N
RUSUC|SUCHINITSCHI GL.|2050078|J|N
RUSUD|SUDA|2073959|J|N
RUSUL|SULEJA|2034759|J|N
RUSUN|SUNGACH|2086512|J|N
RUSUS|SUSCHEWO|2067559|J|N
RUTAG|TAGUL|2091144|J|N
RUTAL|TALDAN|2094039|J|N
RUTAT|TATAKAN|2098432|J|N
RUTER|TEREK|2073239|J|N
RUTLK|TOLKAJ|2076519|J|N
RUTMS|TOMSK 1|2087390|J|J
RUTMV|TAMBOV 1|2060140|J|J
RUTOB|TOBOLSK|2028519|J|N
RUTSC|TSCHAADAEWKA|2078919|J|N
RUTSE|TSCHEBARKUL|2071719|J|N
RUTSW|TSCHEREMISINOWO|2080519|J|N
RUUKX|UK(RUS)|2065624|J|N
RUURS|URUSSU|2073000|J|N
RUUSL|USLOWAJA 1|2089399|J|N
RUUSM|USMAN|2031135|J|N
RUUSO|USOLE-SIBIRSKOE|2097399|J|N
RUUST|UST-BIR|2042199|J|N
RUUSV|USVA|2094272|J|N
RUVRZ|VORONEZH|2059650|J|N
RUWEL|WELIKIE LUKI|2067280|J|N
RUWLD|WOLOGDA 1|2089479|J|N
RUWLK|WOLOKOLAMSK|2026647|J|N
RUWLT|WOLOTSCHAEWKA 1|2073479|J|N
RUZAM|ZAMZOR|2049624|J|N
RUZIM|ZIMOVE|2040184|J|N
RUZLO|ZLOBINO|2090166|J|N
RUZLY|ZLYNKA(GR)|2020120|J|J
RUZUK|ZUBKOVO|2025144|J|N
SEAAB|UPPSALA C|7450102|J|N
SEAAI|ORNSKOLDSVIKS CENTRAL|7404888|N|J
SEAAN|LEKSAND|7450086|J|N
SEAAO|KALMAR C|7401919|N|J
SEAAW|YSTAD|7404661|N|J
SEAAX|FALUN C|7450056|J|N
SEABC|HERRLJUNGA|7450066|J|N
SEABG|ALMHULT|7461736|J|N
SEABU|BASTAD|7400563|N|J
SEACC|RONNEBY C|7403219|N|J
SEACF|KARLSHAMN C|7441736|J|N
SEACF|KARLSHAMN C|7401944|N|J
SEACJ|HALLSBERG|7450145|J|N
SEACM|HALMSTAD C|7401380|N|J
SEADE|VARBERG|7404429|N|J
SEADL|LUND|7437016|J|N
SEADM|OSTERSUND|7437816|J|N
SEAEM|RATTVIK|7485816|J|N
SEAEN|BORLANGE|7491256|J|N
SEAEO|KUNGSBACKA|7402158|N|J
SEAFA|MJOLBY|7484936|J|N
SEAFE|HOOR|7401761|N|J
SEAGH|HELSINGBORG C|7401688|N|J
SEAGJ|KRAMFORS|7402112|N|J
SEAGP|KARLSKRONA|7449736|J|N
SEAGP|KARLSKRONA|7401948|N|J
SEAHM|ESLOV|7400816|N|J
SEAIJ|OSBY|7403074|N|J
SEAIX|GAGNEF|7400241|N|J
SEAJT|BRAKNE-HOBY|7400521|N|J
SEBAN|BANKERYD STATION|7400247|N|J
SEBRE|BREDARYD|7400431|N|J
SEEDX|ED|7437736|J|N
SEGNB|GUNNESBO|7424659|J|N
SEHAP|HAPARANDA|7401408|J|J
SEHLH|HASSLEHOLM|7401707|N|J
SEHUS|HUSKVARNA|7400520|N|J
SEKAV|KAVLINGE|7402256|N|J
SEKTH|KATRINEHOLM|7487139|J|N
SEMOR|MORRUM|7402832|N|J
SEMRA|MARIA|7435832|J|N
SEONS|ONNESTAD|7404873|N|J
SERDB|RYDEBACK|7403258|N|J
SERLS|RAMLOSA|7403153|N|J
SESAN|SANDHEM|7403377|N|J
SESDL|SOSDALA|7450990|J|N
SESHN|SODERTALJE HAMN|7475368|J|N
SESIM|SIMRISHAMN|7403449|N|J
SESTO|STOCKHOLM C|7403751|N|J
SETOM|TOMELILLA|7450320|J|N
SETOM|TOMELILLA|7404129|N|J
SEVGD|VARGARDA|7400569|N|J
SEVIN|VINSLOV|7442616|J|N
SEVIN|VINSLOV|7404525|N|J
SIABR|PRAGERSKO|7943300|J|J
SIABU|MURSKA SOBOTA|7943704|J|J
SIBLA|BLANCA|7942006|J|J
SIGRO|GROBELNO|7943200|J|J
SIIVG|IVANCNA GORICA|7942707|J|N
SIKID|KIDRICEVO|7947367|J|N
SIKOP|KOPER|7944352|J|J
SIKRA|KRANJ|7942307|J|J
SIORM|ORMOZ|7943600|J|J
SIPOD|PODGORJE|7944301|J|J
SIPOL|POLJCANE|7943203|J|J
SIRAV|RAVNE NA KOR.|7943501|N|J
SIRIM|RIMSKE TOPLICE|7943001|J|J
SIROG|ROGASKA SLATINA|7943803|J|J
SIROT|ROGATEC|7943804|J|J
SISEZ|SEZANA|7944500|J|J
SISKO|SKOFJA LOKA|7942306|J|J
SIVIL|VILLA OPICINA FR.|7944551|N|J
SKABI|BRATISLAVA HL.ST.|5613206|N|J
SKAEI|GALANTA|5613326|J|J
SKBAN|BANOVCE N/BEBRAV.|5615146|N|J
SKBAO|BANOVCE N/ONDAVOU|5616690|N|J
SKCAN|CANA|5615330|N|J
SKDOB|DOBSIN.LAD.JASK.|5614550|N|J
SKHAR|HARMANEC|5613323|N|J
SKHOS|HORNA STUBNA|5613093|J|J
SKILA|ILAVA|5617025|J|J
SKKAP|KAPUSANY P/PRES.|5615800|N|J
SKKEZ|KEZMAROK|5614230|J|J
SKKOM|KOMARNO|5614906|J|J
SKKRK|KRASNO N/KYSUCOU|5618215|N|J
SKKYM|KYSUCKE N.MESTO|5618245|N|J
SKMOR|MORAVSKY JAN|5652056|J|N
SKMOR|MORAVSKY JAN|5613056|N|J
SKNOM|NOVE MESTO N/VAH.|5613816|N|J
SKNOZ|NOVE ZAMKY|5613436|J|J
SKOCH|OCHODNICA|5618235|J|J
SKPAR|PARTIZANSKE|5615556|J|J
SKPEZ|PEZINOK|5613626|J|J
SKPLA|PLAVECKY STVRTOK|5613106|J|J
SKPOL|PODOLINEC|5614320|J|J
SKRAD|RADVAN N/LABORCOM|5616190|N|J
SKROZ|ROZNAVA|5615060|J|J
SKRUZ|RUZOMBEROK|5613041|J|J
SKSIA|SIATOR.BUKOVINKA|5613743|N|J
SKSKA|SKALICA N/SLOV.|5614366|N|J
SKSLO|SLOV.NOVE MESTO|5613790|N|J
SKSTB|STREDA N/BODROGOM|5613810|N|J
SKSTR|STRBA|5613200|J|J
SKSTT|STARA TURA|5614406|J|J
SKSUR|SURANY|5615206|J|J
SKTAT|TATRANSKA LOMNICA|5614170|J|J
SKTOR|TORNALA|5613903|J|J
SKTRC|TRENCIN|5613866|J|J
SKTRS|TRSTENA|5617795|J|J
SKTRT|TRENCIAN.TEPLA|5613886|N|J
SKTUR|TURANY|5617825|J|J
SKTUT|TURCIAN.TEPLICE|5613083|N|J
SKVEM|VELKY MEDER|5614806|J|N
TRUZU|UZUNKOPRU FR. (PYTHION)|7500512|N|J
UABAN|BANDURKA|2286688|J|N
UABEJ|BEREJEST|2234770|N|J
UABEJ|BEREJEST|2234770|N|J
UABLT|BALTA|2290183|J|N
UABOA|BOYARKA|2232608|J|N
UABOO|BOROMLYA|2286048|J|N
UABRD|BERDICHEV|2234240|N|J
UABRI|BROVARI|2298208|J|N
UABRS|BERESNEGOWATAJA|2278263|J|N
UABRZ|BEREZAN|2259008|J|N
UABUR|BURSHTYN|2277366|J|N
UABUS|BUSHTINO|2258360|J|N
UACHO|CHERVONOGRAD|2237130|N|J
UACHY|CHERNOVCY|2236660|N|J
UADEK|DEMKOVKA|2231488|J|N
UADOL|DOLINA|2238740|N|J
UADOL|DOLINA|2238740|N|J
UADUO|DUBOVO|2291000|J|N
UAGAI|GALICH|2238820|N|J
UAGRE|GREBENKA|2242830|J|J
UAHER|HERSON|2241780|N|J
UAITS|IM.T.SCHEWTSCHENKO|2228991|J|N
UAIVA|IVACHKOVO|2269408|J|N
UAIVF|IVANO-FRANKOVSK|2238840|N|J
UAIVN|IVANICHI|2286448|J|N
UAJAD|JAGODIN|2235130|J|J
UAJIT|JITOMIR|2234560|N|J
UAJOR|JORNAVA|2249480|J|N
UAJUL|JULYANI|2268688|J|N
UAKAM|KAMKA|2286966|J|N
UAKEG|KEGICHEVKA|2245248|J|N
UAKHA|KHALIMONOVO|2253488|J|N
UAKIM|KIEV MOSKOVSKIJ|2260688|J|N
UAKIR|KIRIKOVKA|2298166|J|N
UAKLN|KALININDORF|2281808|J|N
UAKNP|KONOTOP PASS|2296080|J|N
UAKOJ|KOJANKA|2248608|J|N
UAKOK|KOLOMAK|2297951|J|N
UAKOT|KOSTOPOL|2250255|J|N
UAKOY|KOLOMYJA|2250166|J|N
UAKPL|KRASNOPAVLOVKA|2279766|J|N
UAKRS|KOROSTEN|2234630|J|J
UAKSG|KRASNOGRAD|2244160|J|N
UAKSN|KRASNE(UA)|2250215|J|N
UAKUB|KUBLICH|2235631|J|N
UAKUC|KUCHURGAN|2240580|N|J
UAKVY|KIVERCY|2235900|J|J
UALAR|LARGA|2236760|N|J
UALUC|LUCK|2235780|N|J
UALUG|LUGANSK|2250710|N|J
UALUG|LUGANSK|2250710|N|J
UALVO|LVOV|2237000|N|J
UAMIR|MIRGOROD|2244780|N|J
UAMOG|MOGILEW-PODOL.|2250185|J|N
UAMUK|MUKATSCHEWO|2247280|J|N
UANOE|NOWOALEKSEEWKA|2296880|J|N
UANOI|NOVOMIRGOROD|2296288|J|N
UANOL|NOVOKARLOVKA|2232128|J|N
UANOO|NOVOGRAD-VOLINSKIJ 1|2220688|J|N
UANOV|NOVICHI|2257248|J|N
UAODE|ODESSA GL.|2249680|J|N
UAOLE|OLEVSK|2234890|J|J
UAOTK|OSTKI|2254448|J|N
UAPLK|POLTAWA KIEWSKAJA|2266041|J|N
UAPOV|POVURSK|2222448|J|N
UAPOZ|PODZAMCHE|2237020|J|J
UAPRI|PRILUKI|2242900|N|J
UAPTK|POTOKI|2274439|J|N
UARAZ|RAZDELNAJA|2250068|J|N
UARBK|RUBLEVKA|2279568|J|N
UAROM|ROMODAN|2242730|J|J
UAROV|ROVNO|2235660|N|J
UASAM|SAMBOR|2237570|N|J
UASAO|SAPOROSCHE 1|2274480|J|N
UASAP|SAPEJANKA|2237090|N|J
UASAP|SAPEJANKA|2237090|N|J
UASCH|SCHTSCHORS|2257799|J|N
UASEL|SELESHINA|2259399|J|N
UASEO|SELO KAMENKA|2245328|J|N
UASHE|SHEPETOWKA|2233771|J|N
UASHP|SHPOLA|2296279|J|N
UASIM|SIMFEROPOL|2247390|N|J
UASLO|SLOBODKA|2240790|N|J
UASNA|SNAMENKA PASSAJIRSK.|2248262|J|N
UASNY|SARNI|2293680|J|N
UASOK|SOKAL|2257771|J|N
UASUL|SULA|2226759|J|N
UASVK|SHAROVKA|2246688|J|N
UASWU|SLAWUTA 1|2249771|J|N
UATAL|TALNOE|2246839|J|N
UATOP|TOPOLI|2243210|N|J
UATRP|TERNOPOL|2236000|N|J
UATRV|TERESVA|2238560|J|J
UATSU|TSCHUDNOW-WOLINSKIJ|2275719|J|N
UATUR|TURKA|2232760|J|N
UAUJG|UJGOROD|2238100|N|J
UAUKR|UKRAINKA|2249248|J|N
UAVIN|VINNICA|2233580|N|J
UAVRK|VORONKOVCSI|2250048|J|N
UAYAR|YARESKI|2228566|J|N
UAZDO|ZDOLBUNOV|2235000|N|J
UAZER|ZERNOVO|2232880|N|J
YUAAC|BOR|7214350|N|J
YUAAF|KIKINDA|7222850|N|J
YUAAJ|ZAJECAR|7214060|N|J
YUABB|PRIJEPOLJE|7215711|J|J
YUABC|BIJELO POLJE|6231302|J|J
YUABE|TITOGRAD|6231001|N|J
YUABF|BAR|6231080|N|J
YUABG|KOLASIN|6231307|J|J
YUACE|BANJA LUKA|8950007|J|N
YUACJ|DOBOJ|8998735|J|N
YUACM|PLOCE|7878680|N|J
YUACR|TUZLA|8913166|N|J
YUACW|NEGOTINO VARDAR|6561708|J|J
YUACZ|KICEVO|6561519|N|J
YUNIS|NIS|7212551|J|J
