NVS|UIC|321190|321190|Göttinger Landstraße|Göttinger Landstra|29|CET|513612N|101229E|||||DE||||||1
NVS|UIC|330790|330790|Wildemann Bahnhof, C|Wildemann Bahnhof, C|29|CET|514926N|101649E|||||DE||||||1
NVS|UIC|340390|340390|Kurverwaltung, Claus|Kurverwaltung, Claus|29|CET|514941N|101656E|||||DE||||||1
NVS|UIC|346790|346790|Bahnhof, Zernien|Bahnhof, Zernien|29|CET|530410N|105300E|||||DE||||||1
NVS|UIC|347616|347616|Kreuzeck, Clausthal-|Kreuzeck, Clausthal-|29|CET|515041N|102103E|||||DE||||||1
NVS|UIC|348000|348000|Kronenplatz, Clausth|Kronenplatz, Clausth|29|CET|514824N|102009E|||||DE||||||1
NVS|UIC|348002|348002|Thomas-Merten-Platz,|Thomas-Merten-Platz,|29|CET|514858N|102009E|||||DE||||||1
NVS|UIC|348014|348014|Wolfs Hotel, Clausth|Wolfs Hotel, Clausth|29|CET|514913N|102026E|||||DE||||||1
NVS|UIC|348058|348058|Erzstraße, Clausthal|Erzstraße, Claustha|29|CET|514818N|102031E|||||DE||||||1
NVS|UIC|348070|348070|Erbprinzentanne, Cla|Erbprinzentanne, Cla|29|CET|514947N|102058E|||||DE||||||1
NVS|UIC|348390|348390|Ortsmitte, Zernien|Ortsmitte, Zernien|29|CET|530357N|105315E|||||DE||||||1
NVS|UIC|350550|350550|Scharzfeld Hasenwink|Scharzfeld Hasenwink|29|CET|513728N|102400E|||||DE||||||1
NVS|UIC|367510|367510|ZOB, Clausthal-Zelle|ZOB, Clausthal-Zelle|29|CET|514848N|102012E|||||DE||||||1
NVS|UIC|387590|387590|Ebertring, Duderstad|Ebertring, Duderstad|29|CET|513057N|101543E|||||DE||||||1
NVS|UIC|395590|395590|Rhüden Hildesheimer|Rhüden Hildesheimer|29|CET|515630N|100749E|||||DE||||||1
NVS|UIC|8000670|8000670|Aurich ZOB|Aurich ZOB|29|CET|532818N|072900E|||||DE||||||2
NVS|UIC|620390|620390|Verwaltungsgebäude,|Verwaltungsgebäude,|29|CET|523721N|083908E|||||DE||||||1
NVS|UIC|622140|622140|Lessingstraße, Mamme|Lessingstraße, Mamm|29|CET|481235N|111022E|||||DE||||||1
NVS|UIC|629990|629990|Hausplatz, Liebenau|Hausplatz, Liebenau|29|CET|523612N|090547E|||||DE||||||1
NVS|UIC|8003678|8003678|Liebenau(Han)|Liebenau(Han)|29|CET|523612N|090547E|||||DE||||||2
NVS|UIC|645990|645990|ZOB, Steyerberg|ZOB, Steyerberg|29|CET|523353N|090138E|||||DE||||||1
NVS|UIC|651047|651047|Wellie Alte Schule,|Wellie Alte Schule,|29|CET|523420N|090445E|||||DE||||||1
NVS|UIC|661190|661190|ZOB, Bockenem|ZOB, Bockenem|29|CET|520034N|100731E|||||DE||||||1
NVS|UIC|684390|684390|Hansaplatz, Friesoyt|Hansaplatz, Friesoyt|29|CET|530120N|075142E|||||DE||||||1
NVS|UIC|829190|829190|ZOB, Duderstadt|ZOB, Duderstadt|29|CET|513045N|101512E|||||DE||||||1
NVS|UIC|889801|889801|St. Andreasberg Schü|St. Andreasberg Sch|29|CET|514250N|103125E|||||DE||||||1
NVS|UIC|937990|937990|ZOB, Uchte|ZOB, Uchte|29|CET|522949N|085423E|||||DE||||||1
NVS|UIC|958503|958503|ZOB, Lüchow (Wendlan|ZOB, Lüchow (Wendla|29|CET|525759N|110936E|||||DE||||||1
NVS|UIC|5507914|5502576|Csorna|Csorna|29|CET|473606N|171454E|||||HU||||||1
NVS|UIC|636390|636390|ZOB, Sulingen|ZOB, Sulingen|29|CET|524101N|084846E|||||DE||||||1
NVS|UIC|8000109|8000109|Sulingen(Han)|Sulingen(Han)|29|CET|524101N|084846E|||||DE||||||2
NVS|UIC|8000719|8000719|Bad Lauterberg|Bad Lauterberg|29|CET|513801N|102834E|||||DE||||||2
NVS|UIC|8001102|8001102|Bornum(Harz)|Bornum(Harz)|29|CET|515830N|100814E|||||DE||||||2
NVS|UIC|8001336|8001336|Clausthal-Zellerfeld|Clausthal-Zellerfeld|29|CET|514752N|102018E|||||DE||||||2
NVS|UIC|8079043|8079043|Husum ZOB|Husum ZOB|29|CET|542821N|090318E|||||DE||||||1
NVS|UIC|8002079|8002079|Freistatt|Freistatt|29|CET|523858N|083852E|||||DE||||||2
NVS|UIC|8002125|8002125|Friesoythe|Friesoythe|29|CET|530107N|075123E|||||DE||||||2
NVS|UIC|379590|379590|Hahlestraße, Giebold|Hahlestraße, Giebol|29|CET|513636N|101245E|||||DE||||||1
NVS|UIC|8002270|8002270|Gieboldehausen|Gieboldehausen|29|CET|513636N|101245E|||||DE||||||2
NVS|UIC|337190|337190|Rhüden Kirche, Seese|Rhüden Kirche, Sees|29|CET|515628N|100739E|||||DE||||||1
NVS|UIC|8002428|8002428|Großrhüden|Großrhüden|29|CET|515628N|100739E|||||DE||||||2
NVS|UIC|8003779|8003779|Lüchow|Lüchow|29|CET|534124N|103145E|||||DE||||||2
NVS|UIC|300040|300040|Am Glockenberg, Brau|Am Glockenberg, Brau|29|CET|514228N|103100E|||||DE||||||1
NVS|UIC|8005641|8005641|St Andreasberg Stadt|St Andreasberg Stadt|29|CET|514228N|103100E|||||DE||||||2
NVS|UIC|8005729|8005729|Steyerberg|Steyerberg|29|CET|523422N|090110E|||||DE||||||2
NVS|UIC|8005932|8005932|Uchte|Uchte|29|CET|522958N|085411E|||||DE||||||2
NVS|UIC|8011075|8023035|Bad Lauchstädt|Bad Lauchstädt|29|CET|512808N|115926E|||||DE||||||1
NVS|UIC|350607|350607|alter Bahnhof, Bad L|alter Bahnhof, Bad L|29|CET|513708N|102452E|||||DE||||||1
NVS|UIC|8012525|8016189|Oberhof(Thür)|Oberhof(Thür)|29|CET|504103N|104233E|||||DE||||||1
NVS|UIC|676841|676841|Hugenottenplatz, Erl|Hugenottenplatz, Erl|29|CET|493545N|110007E|||||DE||||||1
NVS|UIC|970117|970117|Bahnhofsplatz, Cobur|Bahnhofsplatz, Cobur|29|CET|501718N|110152E|||||DE||||||1
NVS|UIC|498706|498706|Neunkirch (CH) Schwe|Neunkirch (CH) Schwe|29|CET|492111N|071037E|||||DE||||||1
NVS|UIC|556573|556573|Bahnhof, Gingen an d|Bahnhof, Gingen an d|29|CET|483939N|094716E|||||DE||||||1
NVS|UIC|810399|810399|Bahnhof, Kuchen|Bahnhof, Kuchen|29|CET|483825N|094813E|||||DE||||||1
NVS|UIC|8049162|8049162|Oberhof Busbahnhof|Oberhof Busbahnhof|29|CET|504219N|104335E|||||DE||||||1
NVS|UIC|8057809|8058575|Mulsum-Essel|Mulsum-Essel|29|CET|532955N|091825E|||||DE||||||1
NVS|UIC|8077504|8077504|Schwerin Marienplatz|Schwerin Marienplatz|29|CET|533736N|112419E|||||DE||||||1
NVS|UIC|8070980|8070980|Lüblow Ortsmitte|Lüblow Ortsmitte|29|CET|532459N|112705E|||||DE||||||1
NVS|UIC|8081750|8081750|Oberhof Rondell/Renn|Oberhof Rondell/Renn|29|CET|504139N|104314E|||||DE||||||1
NVS|UIC|8089160|8089160|Berlin Busbf (ZOB) a|Berlin Busbf (ZOB) a|29|CET|523027N|131647E|||||DE||||||1
NVS|UIC|8142151|81G0003|St.Pölten Alpenbahnh|St.Pölten Alpenbahn|29|CET|481155N|153647E|||||AT||||||1
NVS|UIC|8103665|81G0547|Thoerl-Maglern|Thoerl-Maglern|29|CET|463225N|133853E|||||AT||||||2
NVS|UIC|8583593|8501031|Gland|Gland|29|CET|462512N|061609E|||||CH||||||1
NVS|UIC|8579033|8501054|La Gottaz|La Gottaz|29|CET|463023N|062903E|||||CH||||||1
NVS|UIC|8522313|8501080|Le Marais|Le Marais|29|CET|463141N|062745E|||||CH||||||1
NVS|UIC|8537033|8501081|Chigny|Chigny|29|CET|463059N|062818E|||||CH||||||1
NVS|UIC|8528233|8501082|Chardonney-Chateau|Chardonney-Chateau|29|CET|463200N|062556E|||||CH||||||1
NVS|UIC|8548162|8501083|Reverolle|Reverolle|29|CET|463229N|062551E|||||CH||||||1
NVS|UIC|8593513|8501084|Le Manege|Le Manege|29|CET|463334N|062555E|||||CH||||||1
NVS|UIC|8564393|8501085|Ballens-Froideville|Ballens-Froideville|29|CET|463300N|062325E|||||CH||||||1
NVS|UIC|8542393|8501087|Mauraz|Mauraz|29|CET|463514N|062543E|||||CH||||||1
NVS|UIC|8568482|8501088|Tuilerie|Tuilerie|29|CET|463536N|062451E|||||CH||||||1
NVS|UIC|8598082|8501089|Villars-Bozon|Villars-Bozon|29|CET|463637N|062408E|||||CH||||||1
NVS|UIC|8576962|8501090|Prelionne|Prelionne|29|CET|463033N|062848E|||||CH||||||1
NVS|UIC|8536562|8501091|Vufflens-le-Chateau|Vufflens-le-Chateau|29|CET|463132N|062822E|||||CH||||||1
NVS|UIC|8548153|8501092|Bussy-Chardonney|Bussy-Chardonney|29|CET|463137N|062644E|||||CH||||||1
NVS|UIC|8526162|8501093|Yens|Yens|29|CET|463114N|062538E|||||CH||||||1
NVS|UIC|8554385|8501094|Apples|Apples|29|CET|463304N|062522E|||||CH||||||1
NVS|UIC|8533585|8501095|Ballens|Ballens|29|CET|463309N|062229E|||||CH||||||1
NVS|UIC|8573682|8501097|Pampigny-Severy|Pampigny-Severy|29|CET|463438N|062553E|||||CH||||||1
NVS|UIC|8529602|8501098|Montricher|Montricher|29|CET|463548N|062336E|||||CH||||||1
NVS|UIC|8561433|85G0593|L'Isle(CH)|L'Isle(CH)|29|CET|463702N|062440E|||||CH||||||1
NVS|UIC|8555204|85G2463|Ambri-Piotta|Ambri-Piotta|29|CET|463038N|084124E|||||CH||||||1
NVS|UIC|8584473|8505402|Gordola|Gordola|29|CET|461044N|085156E|||||CH||||||1
NVS|UIC|8555412|8505412|Riazzino|Riazzino|29|CET|461031N|085307E|||||CH||||||1
NVS|UIC|8522642|8505415|S. Antonino|S. Antonino|29|CET|460937N|085826E|||||CH||||||1
NVS|UIC|8549042|8506150|Schaffhausen URh|Schaffhausen URh|29|CET|474143N|083827E|||||CH||||||1
NVS|UIC|8537113|8506152|Diessenhofen URh|Diessenhofen URh|29|CET|474125N|084455E|||||CH||||||1
NVS|UIC|8520010|8506153|Stein Urh|Stein Urh|29|CET|473935N|085123E|||||CH||||||1
NVS|UIC|8564793|8506155|Mammern URh|Mammern URh|29|CET|473854N|085500E|||||CH||||||1
NVS|UIC|8569202|8506157|Steckborn URh|Steckborn URh|29|CET|474007N|085853E|||||CH||||||1
NVS|UIC|8560873|8506159|Berlingen URh|Berlingen URh|29|CET|474031N|090103E|||||CH||||||1
NVS|UIC|8572793|8506160|Mannenbach URh|Mannenbach URh|29|CET|474030N|090251E|||||CH||||||1
NVS|UIC|8534713|8506162|Ermatingen URh|Ermatingen URh|29|CET|474031N|090507E|||||CH||||||1
NVS|UIC|8599442|8506268|Schwägalp, Säntis-Sc|Schwägalp, Säntis-|29|CET|471522N|091904E|||||CH||||||1
NVS|UIC|8507176|8507176|Gunten, Dorf|Gunten, Dorf|29|CET|464245N|074205E|||||CH||||||1
NVS|UIC|8564481|85G0840|Gunten (See)|Gunten (See)|29|CET|464244N|074201E|||||CH||||||1
NVS|UIC|8526473|85G0845|Boltigen|Boltigen|29|CET|463738N|072324E|||||CH||||||1
NVS|UIC|8550146|8572077|Buix|Buix|29|CET|472847N|070148E|||||CH||||||1
NVS|UIC|8541433|8507470|Lalden|Lalden|29|CET|461805N|075430E|||||CH||||||1
NVS|UIC|8592641|8507473|Hohtenn|Hohtenn|29|CET|461921N|074553E|||||CH||||||1
NVS|UIC|8534153|8508161|Kaltenherberg|Kaltenherberg|29|CET|471414N|074757E|||||CH||||||1
NVS|UIC|8590562|8508162|Roggwil Dorf|Roggwil Dorf|29|CET|471421N|074921E|||||CH||||||1
NVS|UIC|8552402|8508164|St. Urban Ziegelei|St. Urban Ziegelei|29|CET|471338N|075009E|||||CH||||||1
NVS|UIC|8548873|85G0592|Biere|Biere|29|CET|463214N|062012E|||||CH||||||1
NVS|UIC|8532785|8571086|Ausserberg|Ausserberg|29|CET|461843N|075039E|||||CH||||||1
NVS|UIC|8547513|85G0848|Eggerberg|Eggerberg|29|CET|461824N|075251E|||||CH||||||1
NVS|UIC|8539991|8572714|St. Urban, Klinik|St. Urban, Klinik|29|CET|471346N|075020E|||||CH||||||1
NVS|UIC|8531991|8572715|St. Urban, Bahnhof|St. Urban, Bahnhof|29|CET|471354N|075009E|||||CH||||||1
NVS|UIC|8544402|85G0870|St. Urban|St. Urban|29|CET|471354N|075009E|||||CH||||||1
NVS|UIC|8590321|8573586|Wald(CH)|Wald(CH)|29|CET|471621N|085450E|||||CH||||||1
NVS|UIC|8553762|85G0774|Quartino|Quartino|29|CET|460904N|085314E|||||CH||||||1
NVS|UIC|8535062|8587984|Meilen, Schwabach|Meilen, Schwabach|29|CET|471631N|083733E|||||CH||||||1
NVS|UIC|8554342|8588029|Meilen, Plätzli|Meilen, Plätzli|29|CET|471627N|083731E|||||CH||||||1
NVS|UIC|8550634|8588585|Bellach, Rütti|Bellach, Rütti|29|CET|471303N|072945E|||||CH||||||1
NVS|UIC|8001041|80G0081|Bockenem|Bockenem|29|CET|520036N|100757E|||||DE||||||2
NVS|UIC|8001569|80G0086|Duderstadt|Duderstadt|29|CET|513015N|101559E|||||DE||||||2
NVS|UIC|8003595|80G0090|Lautenthal|Lautenthal|29|CET|515200N|101725E|||||DE||||||2
NVS|UIC|8006433|80G0098|Wildemann|Wildemann|29|CET|514939N|101628E|||||DE||||||2
NVS|UIC|8006652|80G0099|Zernien|Zernien|29|CET|530458N|105333E|||||DE||||||2
NVS|UIC|8589361|85G0271|Gottlieben|Gottlieben|29|CET|473952N|090804E|||||CH||||||1
NVS|UIC|8576802|8504235|Montmollin-Montezill|Montmollin-Montezill|29|CET|465928N|065034E|||||CH||||||1
NVS|UIC|327510|327510|Altenau Markt, Claus|Altenau Markt, Claus|29|CET|000000N|000000E|||||DE||||||1
NVS|UIC|353190|353190|Bornum B243, Bockene|Bornum B243, Bockene|29|CET|000000N|000000E|||||DE||||||1
NVS|UIC|377190|377190|Lautenthal Bergbaumu|Lautenthal Bergbaumu|29|CET|000000N|000000E|||||DE||||||1
NVS|UIC|398101|398101|Altenau Therme Heiße|Altenau Therme Heiß|29|CET|000000N|000000E|||||DE||||||1
NVS|UIC|407331|407331|Festplatz, Nohen|Festplatz, Nohen|29|CET|000000N|000000E|||||DE||||||1
NVS|UIC|421064|421064|Klengen Werk/Vereins|Klengen Werk/Vereins|29|CET|000000N|000000E|||||DE||||||1
NVS|UIC|421512|421512|Busbahnhof, Mühlacke|Busbahnhof, Mühlack|29|CET|000000N|000000E|||||DE||||||1
NVS|UIC|464173|464173|Kongresshaus/Ketsche|Kongresshaus/Ketsche|29|CET|000000N|000000E|||||DE||||||1
NVS|UIC|502465|502465|Trasadingen Abzw. Ba|Trasadingen Abzw. Ba|29|CET|000000N|000000E|||||DE||||||1
NVS|UIC|502472|8578387|Wilchingen-Hallau Ba|Wilchingen-Hallau Ba|29|CET|474046N|082750E|||||DE||||||1
NVS|UIC|502481|502481|Beringen Sonne, Schw|Beringen Sonne, Schw|29|CET|000000N|000000E|||||DE||||||1
NVS|UIC|502482|502482|Neuhausen (CH) Kreuz|Neuhausen (CH) Kreuz|29|CET|000000N|000000E|||||DE||||||1
NVS|UIC|502748|8578374|Beringen Beringerfel|Beringen Beringerfel|29|CET|474144N|083531E|||||DE||||||1
NVS|UIC|555987|555987|Bahnhofstraße, Nürti|Bahnhofstraße, Nür|29|CET|000000N|000000E|||||DE||||||1
NVS|UIC|556574|556574|Geislingen West, Gei|Geislingen West, Gei|29|CET|000000N|000000E|||||DE||||||1
NVS|UIC|562301|562301|Bahnhof/ZOB, Backnan|Bahnhof/ZOB, Backnan|29|CET|000000N|000000E|||||DE||||||1
NVS|UIC|624390|624390|Stern, Liebenau (Kre|Stern, Liebenau (Kre|29|CET|000000N|000000E|||||DE||||||1
NVS|UIC|685990|685990|Abzw. Bahnhof, Varre|Abzw. Bahnhof, Varre|29|CET|000000N|000000E|||||DE||||||1
NVS|UIC|721825|721825|Babstadt Bahnhof, Ba|Babstadt Bahnhof, Ba|29|CET|000000N|000000E|||||DE||||||1
NVS|UIC|721990|721990|Linkenheim Heussstra|Linkenheim Heussstra|29|CET|000000N|000000E|||||DE||||||1
NVS|UIC|722027|722027|Hochstetten Bahnhof,|Hochstetten Bahnhof,|29|CET|000000N|000000E|||||DE||||||1
NVS|UIC|722045|722045|Bahnhof, Sulzfeld (B|Bahnhof, Sulzfeld (B|29|CET|000000N|000000E|||||DE||||||1
NVS|UIC|722679|722679|Katz-Werke, Weisenba|Katz-Werke, Weisenba|29|CET|000000N|000000E|||||DE||||||1
NVS|UIC|727269|727269|Washingtonplatz/Haup|Washingtonplatz/Haup|29|CET|000000N|000000E|||||DE||||||1
NVS|UIC|882231|882231|Kork Bahnhof, Kehl|Kork Bahnhof, Kehl|29|CET|000000N|000000E|||||DE||||||1
NVS|UIC|2006090|2006090|Klin|Klin|29|CET|000000N|000000E|||||RU||||||2
NVS|UIC|2007200|20G0015|Luga|Luga|29|CET|000000N|000000E|||||RU||||||2
NVS|UIC|2019050|2019050|Chehov|Chehov|29|CET|000000N|000000E|||||RU||||||2
NVS|UIC|2020112|2020112|Kenaj|Kenaj|29|CET|000000N|000000E|||||RU||||||1
NVS|UIC|2021446|2021446|Maloshujka|Maloshujka|29|CET|000000N|000000E|||||RU||||||1
NVS|UIC|2021712|2021712|Djigdasi|Djigdasi|29|CET|000000N|000000E|||||RU||||||1
NVS|UIC|2022112|2022112|Glazanikha|Glazanikha|29|CET|000000N|000000E|||||RU||||||1
NVS|UIC|2023046|2023046|Belij Yar|Belij Yar|29|CET|000000N|000000E|||||RU||||||1
NVS|UIC|2023312|2023312|Toki|Toki|29|CET|000000N|000000E|||||RU||||||1
NVS|UIC|2023360|2023360|Voskresensk|Voskresensk|29|CET|000000N|000000E|||||RU||||||2
NVS|UIC|2023472|2002740|Peninga|Peninga|29|CET|633201N|320442E|||||RU||||||1
NVS|UIC|2023560|2023560|Tomsk severnij|Tomsk severnij|29|CET|000000N|000000E|||||RU||||||1
NVS|UIC|2023810|2023810|Iksha|Iksha|29|CET|000000N|000000E|||||RU||||||2
NVS|UIC|2024032|2024032|Poni|Poni|29|CET|000000N|000000E|||||RU||||||1
NVS|UIC|2024046|2099770|Slava|Slava|29|CET|505637N|1424408E|||||RU||||||1
NVS|UIC|2024462|2024462|Zaozernoe|Zaozernoe|29|CET|000000N|000000E|||||RU||||||1
NVS|UIC|2024671|2024671|Nawaginskaja|Nawaginskaja|29|CET|000000N|000000E|||||RU||||||1
NVS|UIC|2028054|2028054|Ost.Punkt 126 km|Ost.Punkt 126 km|29|CET|000000N|000000E|||||RU||||||1
NVS|UIC|2030112|2030112|Mudjuga|Mudjuga|29|CET|000000N|000000E|||||RU||||||1
NVS|UIC|2030446|2099550|Makarov|Makarov|29|CET|483708N|1424638E|||||RU||||||1
NVS|UIC|2030672|2030672|Najstenyarvi|Najstenyarvi|29|CET|000000N|000000E|||||RU||||||1
NVS|UIC|2031312|2096700|Tumnin|Tumnin|29|CET|495432N|1395149E|||||RU||||||1
NVS|UIC|2031472|2002750|Sonozero|Sonozero|29|CET|634430N|315656E|||||RU||||||1
NVS|UIC|2031688|2031688|Post 243 Km|Post 243 Km|29|CET|000000N|000000E|||||RU||||||1
NVS|UIC|2032032|2032032|Mongokhto|Mongokhto|29|CET|000000N|000000E|||||RU||||||1
NVS|UIC|2032046|2099810|Nogliki|Nogliki|29|CET|514640N|1430936E|||||RU||||||1
NVS|UIC|2032832|2096680|Tuluchi|Tuluchi|29|CET|500332N|1394451E|||||RU||||||1
NVS|UIC|2034040|2034040|Glukharnij|Glukharnij|29|CET|000000N|000000E|||||RU||||||1
NVS|UIC|2034424|2034424|Utaj|Utaj|29|CET|000000N|000000E|||||RU||||||1
NVS|UIC|2035096|2035096|Virandozero|Virandozero|29|CET|000000N|000000E|||||RU||||||1
NVS|UIC|2036752|2036752|Izberdej|Izberdej|29|CET|000000N|000000E|||||RU||||||1
NVS|UIC|2037312|2029550|Unejma|Unejma|29|CET|634713N|363807E|||||RU||||||1
NVS|UIC|2037646|2037646|Jujno-Sakhalinsk|Jujno-Sakhalinsk|29|CET|000000N|000000E|||||RU||||||1
NVS|UIC|2037712|2037712|Djuanka|Djuanka|29|CET|000000N|000000E|||||RU||||||1
NVS|UIC|2038112|2029650|Kodino|Kodino|29|CET|634320N|394010E|||||RU||||||1
NVS|UIC|2038446|2017520|Tumanovo|Tumanovo|29|CET|484607N|1425026E|||||RU||||||1
NVS|UIC|2038672|2038672|Lakhkalamen|Lakhkalamen|29|CET|000000N|000000E|||||RU||||||1
NVS|UIC|2039312|2096630|Uktur|Uktur|29|CET|502342N|1380955E|||||RU||||||1
NVS|UIC|2039472|2002760|Muezerka|Muezerka|29|CET|635746N|315915E|||||RU||||||1
NVS|UIC|2040046|2099260|Arsentevka|Arsentevka|29|CET|475413N|1422831E|||||RU||||||1
NVS|UIC|2040832|2096620|Gurskoe|Gurskoe|29|CET|502054N|1375825E|||||RU||||||1
NVS|UIC|2041080|2087470|Tugan|Tugan|29|CET|564522N|852944E|||||RU||||||1
NVS|UIC|2041871|2060500|Kardail|Kardail|29|CET|511808N|423459E|||||RU||||||1
NVS|UIC|2042672|2042672|Tegozero|Tegozero|29|CET|000000N|000000E|||||RU||||||1
NVS|UIC|2042744|2042744|Sibirskaya|Sibirskaya|29|CET|000000N|000000E|||||RU||||||1
NVS|UIC|2045312|2029560|Sulozero|Sulozero|29|CET|634400N|365510E|||||RU||||||1
NVS|UIC|2045960|2087570|Sandjik|Sandjik|29|CET|581205N|851737E|||||RU||||||1
NVS|UIC|2046446|2046446|Vakhrushev|Vakhrushev|29|CET|000000N|000000E|||||RU||||||1
NVS|UIC|2046512|2046512|Oune|Oune|29|CET|000000N|000000E|||||RU||||||1
NVS|UIC|2046672|2046672|Tumasozero|Tumasozero|29|CET|000000N|000000E|||||RU||||||1
NVS|UIC|2047232|2096570|Pivan|Pivan|29|CET|502923N|1370030E|||||RU||||||1
NVS|UIC|2047312|2096720|Ust-orochi|Ust-orochi|29|CET|494421N|1400613E|||||RU||||||1
NVS|UIC|2048646|2048646|Sovetskaya Gavan-Sor|Sovetskaya Gavan-Sor|29|CET|000000N|000000E|||||RU||||||1
NVS|UIC|2048832|2048832|Eldigan|Eldigan|29|CET|000000N|000000E|||||RU||||||1
NVS|UIC|2049712|2096690|Akur|Akur|29|CET|495905N|1394949E|||||RU||||||1
NVS|UIC|2049880|2049880|Sajga|Sajga|29|CET|000000N|000000E|||||RU||||||1
NVS|UIC|2050672|2050672|Kolejma|Kolejma|29|CET|000000N|000000E|||||RU||||||1
NVS|UIC|2051140|2051140|Marcevo|Marcevo|29|CET|000000N|000000E|||||RU||||||2
NVS|UIC|2051697|2051697|Wosstanie Passajirsk|Wosstanie Passajirsk|29|CET|000000N|000000E|||||RU||||||1
NVS|UIC|2051766|2002770|Ledmozero|Ledmozero|29|CET|641531N|320226E|||||RU||||||1
NVS|UIC|2053312|2029570|Kusha|Kusha|29|CET|634327N|370307E|||||RU||||||1
NVS|UIC|2053646|2099120|Novoaleksandrovka|Novoaleksandrovka|29|CET|470421N|1424625E|||||RU||||||1
NVS|UIC|2054446|2054446|Poronajsk|Poronajsk|29|CET|000000N|000000E|||||RU||||||1
NVS|UIC|2054672|2002670|Porosozero|Porosozero|29|CET|624152N|324125E|||||RU||||||1
NVS|UIC|2055254|2055254|Tikhaya(2)|Tikhaya(2)|29|CET|000000N|000000E|||||RU||||||1
NVS|UIC|2055425|2055425|Ado-tymovo|Ado-tymovo|29|CET|000000N|000000E|||||RU||||||1
NVS|UIC|2055426|2055426|Nysh|Nysh|29|CET|000000N|000000E|||||RU||||||1
NVS|UIC|2055428|2055428|Firsovo|Firsovo|29|CET|000000N|000000E|||||RU||||||1
NVS|UIC|2055429|2055429|Vostochnyi|Vostochnyi|29|CET|000000N|000000E|||||RU||||||1
NVS|UIC|2055430|2055430|Novoe|Novoe|29|CET|000000N|000000E|||||RU||||||1
NVS|UIC|2055431|2055431|Gastello|Gastello|29|CET|000000N|000000E|||||RU||||||1
NVS|UIC|2055435|2055435|Elista|Elista|29|CET|000000N|000000E|||||RU||||||1
NVS|UIC|2055437|2055437|Ipatovo|Ipatovo|29|CET|000000N|000000E|||||RU||||||1
NVS|UIC|2055438|2055438|Divnoe|Divnoe|29|CET|000000N|000000E|||||RU||||||1
NVS|UIC|2055440|2055440|Svetlograd|Svetlograd|29|CET|000000N|000000E|||||RU||||||1
NVS|UIC|2056832|2056832|Selikhin|Selikhin|29|CET|000000N|000000E|||||RU||||||1
NVS|UIC|2057880|2057880|Sakhalinka|Sakhalinka|29|CET|000000N|000000E|||||RU||||||1
NVS|UIC|2060054|2060054|Ost.Punkt 123 km(3)|Ost.Punkt 123 km(3)|29|CET|000000N|000000E|||||RU||||||1
NVS|UIC|2060271|2060271|Kabardinskaja|Kabardinskaja|29|CET|000000N|000000E|||||RU||||||1
NVS|UIC|2060891|2060891|Ost.punkt 205 Km|Ost.punkt 205 Km|29|CET|000000N|000000E|||||RU||||||1
NVS|UIC|2061312|2061312|Shundanecs|Shundanecs|29|CET|000000N|000000E|||||RU||||||1
NVS|UIC|2061384|2061384|Kurganka|Kurganka|29|CET|000000N|000000E|||||RU||||||1
NVS|UIC|2061646|2099150|Sokol|Sokol|29|CET|471421N|1424656E|||||RU||||||1
NVS|UIC|2061712|2096660|Kenada|Kenada|29|CET|500411N|1392306E|||||RU||||||1
NVS|UIC|2062112|2062112|Uramecs|Uramecs|29|CET|000000N|000000E|||||RU||||||1
NVS|UIC|2062672|2062672|Akonyarvi|Akonyarvi|29|CET|000000N|000000E|||||RU||||||1
NVS|UIC|2063232|2063232|Imbo|Imbo|29|CET|000000N|000000E|||||RU||||||1
NVS|UIC|2064752|2060520|Rodnichek|Rodnichek|29|CET|512448N|425517E|||||RU||||||1
NVS|UIC|2064832|2096590|Kartel|Kartel|29|CET|502516N|1371840E|||||RU||||||1
NVS|UIC|2064846|2064846|Olen(RUS)|Olen(RUS)|29|CET|000000N|000000E|||||RU||||||1
NVS|UIC|2065712|2096760|Vanino|Vanino|29|CET|491542N|1400923E|||||RU||||||1
NVS|UIC|2065880|2065880|Ulu-jul|Ulu-jul|29|CET|000000N|000000E|||||RU||||||1
NVS|UIC|2067766|2067766|Nikel-Murmanskij|Nikel-Murmanskij|29|CET|000000N|000000E|||||RU||||||1
NVS|UIC|2067966|2067966|Ost.Punkt 166 km(2)|Ost.Punkt 166 km(2)|29|CET|000000N|000000E|||||RU||||||1
NVS|UIC|2069312|2029590|Nimenga|Nimenga|29|CET|634228N|373803E|||||RU||||||1
NVS|UIC|2069646|2099200|Dolinsk|Dolinsk|29|CET|472001N|1424851E|||||RU||||||1
NVS|UIC|2070032|2070032|Sumskij posad|Sumskij posad|29|CET|000000N|000000E|||||RU||||||1
NVS|UIC|2070446|2070446|Bujukli|Bujukli|29|CET|000000N|000000E|||||RU||||||1
NVS|UIC|2070672|2070672|Gimolskaya|Gimolskaya|29|CET|000000N|000000E|||||RU||||||1
NVS|UIC|2070832|2070832|Ost.Punkt 22 km(2)|Ost.Punkt 22 km(2)|29|CET|000000N|000000E|||||RU||||||1
NVS|UIC|2071232|2071232|Khutu|Khutu|29|CET|000000N|000000E|||||RU||||||1
NVS|UIC|2071246|2099710|Onor|Onor|29|CET|501024N|1424240E|||||RU||||||1
NVS|UIC|2071552|2071552|Ost.Punkt 35 km(2)|Ost.Punkt 35 km(2)|29|CET|000000N|000000E|||||RU||||||1
NVS|UIC|2072832|2072832|Gajter|Gajter|29|CET|000000N|000000E|||||RU||||||1
NVS|UIC|2072846|2072846|Alba(RUS)|Alba(RUS)|29|CET|000000N|000000E|||||RU||||||1
NVS|UIC|2074271|2060020|Nikolskoe|Nikolskoe|29|CET|525054N|402305E|||||RU||||||1
NVS|UIC|2074672|2074672|Njukhcha|Njukhcha|29|CET|000000N|000000E|||||RU||||||1
NVS|UIC|2076912|2076912|Visokogornaya|Visokogornaya|29|CET|000000N|000000E|||||RU||||||1
NVS|UIC|2077646|2077646|Sovetskoe|Sovetskoe|29|CET|000000N|000000E|||||RU||||||1
NVS|UIC|2078246|2078246|Kondoma|Kondoma|29|CET|000000N|000000E|||||RU||||||1
NVS|UIC|2078446|2078446|Smirnikh|Smirnikh|29|CET|000000N|000000E|||||RU||||||1
NVS|UIC|2078672|2078672|Brusnichnaya|Brusnichnaya|29|CET|000000N|000000E|||||RU||||||1
NVS|UIC|2079246|2099740|Palevo|Palevo|29|CET|503441N|1424543E|||||RU||||||1
NVS|UIC|2080032|2096670|Koto|Koto|29|CET|500516N|1393834E|||||RU||||||1
NVS|UIC|2080872|2080872|Tschilekowo|Tschilekowo|29|CET|000000N|000000E|||||RU||||||1
NVS|UIC|2081640|2081640|Tobol(Gr)|Tobol(Gr)|29|CET|000000N|000000E|||||RU||||||2
NVS|UIC|2082672|2001240|Malenga|Malenga|29|CET|635115N|362739E|||||RU||||||1
NVS|UIC|2085160|2085160|Kopilovo|Kopilovo|29|CET|000000N|000000E|||||RU||||||1
NVS|UIC|2085231|2085231|Koschechabl|Koschechabl|29|CET|000000N|000000E|||||RU||||||1
NVS|UIC|2085646|2099250|Vzmore|Vzmore|29|CET|474208N|1423043E|||||RU||||||1
NVS|UIC|2085712|2085712|Landishi|Landishi|29|CET|000000N|000000E|||||RU||||||1
NVS|UIC|2086446|2086446|Jujnaya Khandasa|Jujnaya Khandasa|29|CET|000000N|000000E|||||RU||||||1
NVS|UIC|2086760|2087540|Balagachevo|Balagachevo|29|CET|573748N|860113E|||||RU||||||1
NVS|UIC|2087246|2087246|Pobedino|Pobedino|29|CET|000000N|000000E|||||RU||||||1
NVS|UIC|2089080|2087510|Asino|Asino|29|CET|565937N|860947E|||||RU||||||1
NVS|UIC|2089232|2089232|Kimosozero|Kimosozero|29|CET|000000N|000000E|||||RU||||||1
NVS|UIC|2090920|2090920|Kostomuksha tov.|Kostomuksha tov.|29|CET|000000N|000000E|||||RU||||||1
NVS|UIC|2090966|2090966|Klimov|Klimov|29|CET|000000N|000000E|||||RU||||||1
NVS|UIC|2091232|2096610|Kun|Kun|29|CET|501859N|1375023E|||||RU||||||1
NVS|UIC|2091966|2091966|Ost.Punkt 254 km(2)|Ost.Punkt 254 km(2)|29|CET|000000N|000000E|||||RU||||||1
NVS|UIC|2092912|2092912|Datta|Datta|29|CET|000000N|000000E|||||RU||||||1
NVS|UIC|2093312|2093312|Vonguda|Vonguda|29|CET|000000N|000000E|||||RU||||||1
NVS|UIC|2093646|2093646|Pugachevo|Pugachevo|29|CET|000000N|000000E|||||RU||||||1
NVS|UIC|2094246|2087400|Tomsk 2|Tomsk 2|29|CET|562737N|845926E|||||RU||||||1
NVS|UIC|2094760|2087490|Itatka|Itatka|29|CET|565147N|854317E|||||RU||||||1
NVS|UIC|2095246|2095246|Timovsk|Timovsk|29|CET|000000N|000000E|||||RU||||||1
NVS|UIC|2097080|2087520|Kuendat|Kuendat|29|CET|571354N|862155E|||||RU||||||1
NVS|UIC|2097159|2097159|Strishi|Strishi|29|CET|000000N|000000E|||||RU||||||1
NVS|UIC|2098942|2098942|Pochepta|Pochepta|29|CET|000000N|000000E|||||RU||||||1
NVS|UIC|2225806|2225806|Kiev Petrovka|Kiev Petrovka|29|CET|000000N|000000E|||||UA||||||1
NVS|UIC|2234119|2234119|Chernovcy-Severnaya|Chernovcy-Severnaya|29|CET|000000N|000000E|||||UA||||||1
NVS|UIC|2274528|2274528|Vechernij kut|Vechernij kut|29|CET|000000N|000000E|||||UA||||||1
NVS|UIC|2288583|2288583|Bachtschisaraj|Bachtschisaraj|29|CET|000000N|000000E|||||UA||||||1
NVS|UIC|2289319|2289319|Tschernobaewka|Tschernobaewka|29|CET|000000N|000000E|||||UA||||||1
NVS|UIC|2296928|2296928|Tok|Tok|29|CET|000000N|000000E|||||UA||||||1
NVS|UIC|2408006|2524006|Kurcums(Gr)|Kurcums(Gr)|29|CET|554006N|262635E|||||LT||||||2
NVS|UIC|2408053|2408053|Poreche(Gr)|Poreche(Gr)|29|CET|000000N|000000E|||||LT||||||2
NVS|UIC|2412380|2412380|Sestokai|Sestokai|29|CET|542140N|232641E|||||LT||||||2
NVS|UIC|2500382|2500382|Liepaja-pasazieru|Liepaja-pasazieru|29|CET|000000N|000000E|||||LV||||||2
NVS|UIC|2509170|2509170|Meitene|Meitene|29|CET|000000N|000000E|||||LV||||||2
NVS|UIC|2511081|2511081|Lugazi|Lugazi|29|CET|000000N|000000E|||||LV||||||2
NVS|UIC|2511231|2511231|Kurcums|Kurcums|29|CET|000000N|000000E|||||LV||||||2
NVS|UIC|2511260|2511260|Karsava|Karsava|29|CET|564854N|274137E|||||LV||||||2
NVS|UIC|2511310|25G0001|Rezekne II|Rezekne II|29|CET|000000N|000000E|||||LV||||||2
NVS|UIC|2520035|25G0002|Karsava(Gr)|Karsava(Gr)|29|CET|000000N|000000E|||||LV||||||2
NVS|UIC|2524006|25G0004|Kurcums(Gr)|Kurcums(Gr)|29|CET|000000N|000000E|||||LV||||||2
NVS|UIC|2526010|2526010|Valga(Gr)|Valga(Gr)|29|CET|000000N|000000E|||||LV||||||2
NVS|UIC|2608480|2608480|Tartu|Tartu|29|CET|000000N|000000E|||||EE||||||2
NVS|UIC|2608910|2608910|Pärnu|Pärnu|29|CET|000000N|000000E|||||EE||||||2
NVS|UIC|2725736|2725736|Seleznevka|Seleznevka|29|CET|000000N|000000E|||||KZ||||||1
NVS|UIC|2736936|2736936|Ust-Kamenogorsk|Ust-Kamenogorsk|29|CET|000000N|000000E|||||KZ||||||1
NVS|UIC|2776768|2776768|Novo-Ust-Kamenogorsk|Novo-Ust-Kamenogorsk|29|CET|000000N|000000E|||||KZ||||||1
NVS|UIC|2796936|2796936|Serebryanka(1)|Serebryanka(1)|29|CET|000000N|000000E|||||KZ||||||1
NVS|UIC|2950028|2950028|Denau|Denau|29|CET|000000N|000000E|||||UZ||||||1
NVS|UIC|2950046|2950046|Alat|Alat|29|CET|000000N|000000E|||||UZ||||||1
NVS|UIC|2950141|2950141|Shumanai|Shumanai|29|CET|000000N|000000E|||||UZ||||||1
NVS|UIC|2953016|2953016|Tankhoz|Tankhoz|29|CET|000000N|000000E|||||UZ||||||1
NVS|UIC|2986351|2986351|Nurbulok|Nurbulok|29|CET|000000N|000000E|||||UZ||||||1
NVS|UIC|2993816|2993816|Kanimekh|Kanimekh|29|CET|000000N|000000E|||||UZ||||||1
NVS|UIC|3342248|3342248|Alashankou|Alashankou|29|CET|000000N|000000E|||||CN||||||1
NVS|UIC|3347926|3347926|Urumchi|Urumchi|29|CET|000000N|000000E|||||CN||||||1
NVS|UIC|5120320|5103987|Mrozy|Mrozy|29|CET|520950N|214804E|||||PL||||||1
NVS|UIC|5124570|5104094|Chotylow|Chotylow|29|CET|515948N|232131E|||||PL||||||1
NVS|UIC|5127698|5108353|Krosno Miasto|Krosno Miasto|29|CET|494057N|214621E|||||PL||||||1
NVS|UIC|5137298|5137298|Komancza Letnisko|Komancza Letnisko|29|CET|000000N|000000E|||||PL||||||1
NVS|UIC|5137722|5137722|Wysoczany|Wysoczany|29|CET|000000N|000000E|||||PL||||||1
NVS|UIC|5138754|5108363|Sanok Miasto|Sanok Miasto|29|CET|493323N|221151E|||||PL||||||1
NVS|UIC|5139938|5139938|Limanowa|Limanowa|29|CET|000000N|000000E|||||PL||||||1
NVS|UIC|5147770|5147770|Czaszyn|Czaszyn|29|CET|000000N|000000E|||||PL||||||1
NVS|UIC|5152238|5152238|Mielec|Mielec|29|CET|000000N|000000E|||||PL||||||1
NVS|UIC|5154586|5154586|Mokre Malopolskie|Mokre Malopolskie|29|CET|000000N|000000E|||||PL||||||1
NVS|UIC|5154826|5154826|Oslawica|Oslawica|29|CET|000000N|000000E|||||PL||||||1
NVS|UIC|5178730|5108272|Boguchwala|Boguchwala|29|CET|495902N|215604E|||||PL||||||1
NVS|UIC|5183714|5183714|Tarnawa Dolna|Tarnawa Dolna|29|CET|000000N|000000E|||||PL||||||1
NVS|UIC|5183794|5183794|Tymbark|Tymbark|29|CET|000000N|000000E|||||PL||||||1
NVS|UIC|5186754|5186754|Szczawne Kulaszne|Szczawne Kulaszne|29|CET|000000N|000000E|||||PL||||||1
NVS|UIC|5193786|5193786|Morochow|Morochow|29|CET|000000N|000000E|||||PL||||||1
NVS|UIC|5199999|5199999|TMT5236|TMT5236|29|CET|000000N|000000E|||||PL||||||1
NVS|UIC|5322096|5322096|Zarnesti|Zarnesti|29|CET|000000N|000000E|||||RO||||||2
NVS|UIC|5333368|5333368|Slanic|Slanic|29|CET|000000N|000000E|||||RO||||||2
NVS|UIC|5334001|5334001|Tarnaveni|Tarnaveni|29|CET|000000N|000000E|||||RO||||||2
NVS|UIC|5334219|5334219|Sovata|Sovata|29|CET|000000N|000000E|||||RO||||||2
NVS|UIC|5334336|5334336|Turda|Turda|29|CET|000000N|000000E|||||RO||||||2
NVS|UIC|5352792|5352792|Panciu|Panciu|29|CET|000000N|000000E|||||RO||||||2
NVS|UIC|5354049|5354049|Falticeni|Falticeni|29|CET|000000N|000000E|||||RO||||||2
NVS|UIC|5354374|5354374|Dorohoi|Dorohoi|29|CET|000000N|000000E|||||RO||||||2
NVS|UIC|5355782|5355782|Radauti|Radauti|29|CET|000000N|000000E|||||RO||||||2
NVS|UIC|5362424|5362424|Husi|Husi|29|CET|000000N|000000E|||||RO||||||2
NVS|UIC|5422938|5456840|Racice nad Trotinou|Racice nad Trotinou|29|CET|501844N|154731E|||||CZ||||||1
NVS|UIC|5436698|5456830|Sendrazice|Sendrazice|29|CET|501745N|154856E|||||CZ||||||1
NVS|UIC|5440690|5454089|Litvinov|Litvinov|29|CET|503534N|133636E|||||CZ||||||1
NVS|UIC|5441490|54G0021|Lom u Mostu|Lom u Mostu|29|CET|503535N|133940E|||||CZ||||||1
NVS|UIC|5442458|5434282|Mohelnice|Mohelnice|29|CET|494636N|165634E|||||CZ||||||1
NVS|UIC|5443722|5433395|Brno-Zidenice|Brno-Zidenice|29|CET|491215N|163809E|||||CZ||||||1
NVS|UIC|5451451|5433684|Karvina-Darkov|Karvina-Darkov|29|CET|495006N|183221E|||||CZ||||||1
NVS|UIC|5453810|5456850|Horineves|Horineves|29|CET|501845N|154514E|||||CZ||||||1
NVS|UIC|5476298|5454119|Osek|Osek|29|CET|503651N|134237E|||||CZ||||||1
NVS|UIC|5486282|5433312|Cervenka|Cervenka|29|CET|494326N|170528E|||||CZ||||||1
NVS|UIC|5489650|5454129|Haj u Duchcova|Haj u Duchcova|29|CET|503710N|134331E|||||CZ||||||1
NVS|UIC|6291702|6291702|Oostende|Oostende|29|CET|000000N|000000E|||||ME||||||2
NVS|UIC|6561825|6561825|Kremenica|Kremenica|29|CET|000000N|000000E|||||MK||||||2
NVS|UIC|6561826|6561826|Kremenica Fr.|Kremenica Fr.|29|CET|000000N|000000E|||||MK||||||2
NVS|UIC|6630343|6630343|Chanaka|Chanaka|29|CET|000000N|000000E|||||TJ||||||1
NVS|UIC|6634168|6634168|Dushanbe 2|Dushanbe 2|29|CET|000000N|000000E|||||TJ||||||1
NVS|UIC|6687143|6687143|Cheptura|Cheptura|29|CET|000000N|000000E|||||TJ||||||1
NVS|UIC|6694903|6694903|Ajni|Ajni|29|CET|000000N|000000E|||||TJ||||||1
NVS|UIC|7050130|7032000|Avonmouth|Avonmouth|29|CET|512958N|024156W|||||GB||||||1
NVS|UIC|7179404|7179404|Badalona|Badalona|29|CET|000000N|000000E|||||ES||||||1
NVS|UIC|7179500|71G0007|Mataro|Mataro|29|CET|000000N|000000E|||||ES||||||1
NVS|UIC|7179600|7179600|Arenys de Mar|Arenys de Mar|29|CET|000000N|000000E|||||ES||||||1
NVS|UIC|7179603|71G0013|Calella|Calella|29|CET|000000N|000000E|||||ES||||||1
NVS|UIC|7179604|71G0015|Pineda|Pineda|29|CET|000000N|000000E|||||ES||||||1
NVS|UIC|7179606|71G0019|Blanes|Blanes|29|CET|000000N|000000E|||||ES||||||1
NVS|UIC|7198760|7198760|Malgrat|Malgrat|29|CET|000000N|000000E|||||ES||||||1
NVS|UIC|7200351|7200351|Vranje1|Vranje1|29|CET|000000N|000000E|||||RS||||||2
NVS|UIC|7200678|7200678|Djeneral Jankovic|Djeneral Jankovic|29|CET|000000N|000000E|||||RS||||||2
NVS|UIC|7211201|7211201|Podujevo|Podujevo|29|CET|000000N|000000E|||||RS||||||2
NVS|UIC|7211207|7211207|Pristina|Pristina|29|CET|000000N|000000E|||||RS||||||2
NVS|UIC|7211301|7211301|Belacevac|Belacevac|29|CET|000000N|000000E|||||RS||||||2
NVS|UIC|7211304|7211304|Drenica|Drenica|29|CET|000000N|000000E|||||RS||||||2
NVS|UIC|7211307|7211307|Dobra Voda|Dobra Voda|29|CET|000000N|000000E|||||RS||||||2
NVS|UIC|7211309|7211309|Metohija|Metohija|29|CET|000000N|000000E|||||RS||||||2
NVS|UIC|7211314|7211314|Pec|Pec|29|CET|000000N|000000E|||||RS||||||2
NVS|UIC|7211405|7211405|Zrze|Zrze|29|CET|000000N|000000E|||||RS||||||2
NVS|UIC|7211406|7211406|Mala Krusa|Mala Krusa|29|CET|000000N|000000E|||||RS||||||2
NVS|UIC|7211408|7211408|Prizren|Prizren|29|CET|000000N|000000E|||||RS||||||2
NVS|UIC|7211503|7211503|Lipljan|Lipljan|29|CET|000000N|000000E|||||RS||||||2
NVS|UIC|7211507|7211507|Urosevac|Urosevac|29|CET|000000N|000000E|||||RS||||||2
NVS|UIC|7211508|7211508|Grlica|Grlica|29|CET|000000N|000000E|||||RS||||||2
NVS|UIC|7211510|7211510|Kacanik|Kacanik|29|CET|000000N|000000E|||||RS||||||2
NVS|UIC|7211511|7211511|Djeneral Jankovic1|Djeneral Jankovic1|29|CET|000000N|000000E|||||RS||||||2
NVS|UIC|7211514|7211514|Djen.JankovicGR|Djen.JankovicGR|29|CET|000000N|000000E|||||RS||||||2
NVS|UIC|7211550|7211550|Kosovo Polje|Kosovo Polje|29|CET|000000N|000000E|||||RS||||||2
NVS|UIC|7212011|7212011|Vucitrn|Vucitrn|29|CET|000000N|000000E|||||RS||||||2
NVS|UIC|7212301|7212301|Medjurovo|Medjurovo|29|CET|000000N|000000E|||||RS||||||2
NVS|UIC|7212401|7212401|Palilulska rampa|Palilulska rampa|29|CET|000000N|000000E|||||RS||||||2
NVS|UIC|7212402|7212402|Cele kula|Cele kula|29|CET|000000N|000000E|||||RS||||||2
NVS|UIC|7212403|7212403|Zavodi RR|Zavodi RR|29|CET|000000N|000000E|||||RS||||||2
NVS|UIC|7212404|7212404|Niska Banja|Niska Banja|29|CET|000000N|000000E|||||RS||||||2
NVS|UIC|7212516|7212516|Trupale|Trupale|29|CET|000000N|000000E|||||RS||||||2
NVS|UIC|7212550|7212550|Crveni krst|Crveni krst|29|CET|000000N|000000E|||||RS||||||2
NVS|UIC|7212601|7212601|Nis ranzima|Nis ranzima|29|CET|000000N|000000E|||||RS||||||2
NVS|UIC|7212603|7212603|Radinac|Radinac|29|CET|000000N|000000E|||||RS||||||2
NVS|UIC|7212905|7212905|Despotovac|Despotovac|29|CET|000000N|000000E|||||RS||||||2
NVS|UIC|7213858|7213858|Jimbolia(fr)1|Jimbolia(fr)1|29|CET|000000N|000000E|||||RS||||||2
NVS|UIC|7213901|7213901|Svilajnac|Svilajnac|29|CET|000000N|000000E|||||RS||||||2
NVS|UIC|7215704|7215704|Zlatibor|Zlatibor|29|CET|000000N|000000E|||||RS||||||2
NVS|UIC|7215712|72G0007|Prijepolje1|Prijepolje1|29|CET|000000N|000000E|||||RS||||||2
NVS|UIC|7216005|7216005|Beograd Dunav|Beograd Dunav|29|CET|444909N|202850E|||||RS||||||2
NVS|UIC|7216053|7216053|Karadjordjev Park|Karadjordjev Park|29|CET|000000N|000000E|||||RS||||||2
NVS|UIC|7216104|7216104|Topcider|Topcider|29|CET|000000N|000000E|||||RS||||||2
NVS|UIC|7216702|7216702|Morovic|Morovic|29|CET|000000N|000000E|||||RS||||||2
NVS|UIC|7221001|7221001|Pancevo Varos|Pancevo Varos|29|CET|000000N|000000E|||||RS||||||2
NVS|UIC|7221150|7221150|Pancevo1|Pancevo1|29|CET|000000N|000000E|||||RS||||||2
NVS|UIC|7221409|7221409|Secanj|Secanj|29|CET|000000N|000000E|||||RS||||||2
NVS|UIC|7222003|7222003|Kacarevo|Kacarevo|29|CET|000000N|000000E|||||RS||||||2
NVS|UIC|7222006|7222006|Koviljaca1|Koviljaca1|29|CET|000000N|000000E|||||RS||||||2
NVS|UIC|7223008|7223008|Becej|Becej|29|CET|000000N|000000E|||||RS||||||2
NVS|UIC|7225201|7225201|Backa Palanka|Backa Palanka|29|CET|000000N|000000E|||||RS||||||2
NVS|UIC|7231101|7231101|Niksic|Niksic|29|CET|000000N|000000E|||||RS||||||2
NVS|UIC|7231109|7231109|Danilovgrad|Danilovgrad|29|CET|000000N|000000E|||||RS||||||2
NVS|UIC|7231805|7231805|Mojkovac1|Mojkovac1|29|CET|000000N|000000E|||||RS||||||2
NVS|UIC|7261608|7261608|Stip|Stip|29|CET|000000N|000000E|||||RS||||||2
NVS|UIC|7299967|7299967|Stara Pazova1|Stara Pazova1|29|CET|000000N|000000E|||||RS||||||2
NVS|UIC|7299987|72G0014|Backa Topola1|Backa Topola1|29|CET|000000N|000000E|||||RS||||||2
NVS|UIC|7329502|7329502|Gevgelija(fr).|Gevgelija(fr).|29|CET|000000N|000000E|||||GR||||||2
NVS|UIC|7399997|7399997|Corfou|Corfou|29|CET|000000N|000000E|||||GR||||||2
NVS|UIC|7600322|7600322|Skotterud|Skotterud|29|CET|000000N|000000E|||||NO||||||2
NVS|UIC|7600323|7600323|Magnor|Magnor|29|CET|000000N|000000E|||||NO||||||2
NVS|UIC|7600324|7600324|Charlottenberg gr|Charlottenberg gr|29|CET|000000N|000000E|||||NO||||||2
NVS|UIC|7600551|7600551|Kornsjoe|Kornsjoe|29|CET|000000N|000000E|||||NO||||||2
NVS|UIC|7600731|7600731|Tretten|Tretten|29|CET|000000N|000000E|||||NO||||||2
NVS|UIC|7600733|7600733|Faavang|Faavang|29|CET|000000N|000000E|||||NO||||||2
NVS|UIC|7600736|7600736|Hundorp|Hundorp|29|CET|000000N|000000E|||||NO||||||2
NVS|UIC|7601526|7601526|Horten|Horten|29|CET|000000N|000000E|||||NO||||||2
NVS|UIC|7602403|7602403|Straumsnes|Straumsnes|29|CET|000000N|000000E|||||NO||||||2
NVS|UIC|7602407|7602407|Vassijaure gr|Vassijaure gr|29|CET|000000N|000000E|||||NO||||||2
NVS|UIC|8000516|8000516|Altenau(Oberharz)|Altenau(Oberharz)|29|CET|000000N|000000E|||||DE||||||2
NVS|UIC|8005244|8005244|Saarbrücken-Schleif|Saarbrücken-Schleif|29|CET|000000N|000000E|||||DE||||||2
NVS|UIC|8006057|80G0350|Varrel(Han)|Varrel(Han)|29|CET|000000N|000000E|||||DE||||||2
NVS|UIC|8017285|8004375|Duben(Nl)|Duben(Nl)|29|CET|513515N|123555E|||||DE||||||1
NVS|UIC|8017297|8042588|Luckau Zentrum|Luckau Zentrum|29|CET|515108N|133629E|||||DE||||||1
NVS|UIC|8052526|8052526|Wilhelmshaven Helgol|Wilhelmshaven Helgol|29|CET|000000N|000000E|||||DE||||||1
NVS|UIC|8070349|8070349|Deinste|Deinste|29|CET|000000N|000000E|||||DE||||||1
NVS|UIC|8071235|8071235|Bergen(R) Busbf|Bergen(R) Busbf|29|CET|000000N|000000E|||||DE||||||1
NVS|UIC|8103023|8103023|Moenchhof Haltest|Moenchhof Haltest|29|CET|000000N|000000E|||||AT||||||2
NVS|UIC|8103845|81G0568|Feistr./Rosent. W|Feistr./Rosent. W|29|CET|000000N|000000E|||||AT||||||2
NVS|UIC|8303001|8303667|Tarvisio|Tarvisio|29|CET|463205N|133825E|||||IT||||||1
NVS|UIC|8304509|83G0131|Imperia P. M.|Imperia P. M.|29|CET|000000N|000000E|||||IT||||||2
NVS|UIC|8304513|8304513|Andora|Andora|29|CET|435706N|080821E|||||IT||||||1
NVS|UIC|8320681|8308206|Alviano|Alviano|29|CET|423530N|121534E|||||IT||||||1
NVS|UIC|8322689|8303030|Manzano|Manzano|29|CET|455916N|132231E|||||IT||||||1
NVS|UIC|8333089|8302668|Meolo|Meolo|29|CET|453649N|122716E|||||IT||||||1
NVS|UIC|8336801|8303022|Tarcento|Tarcento|29|CET|461234N|131134E|||||IT||||||1
NVS|UIC|8338049|8305131|Pianoro|Pianoro|29|CET|442249N|112026E|||||IT||||||1
NVS|UIC|8338201|8311758|Zambrone|Zambrone|29|CET|384246N|155834E|||||IT||||||1
NVS|UIC|8341998|8304730|Bonassola|Bonassola|29|CET|441105N|093457E|||||IT||||||1
NVS|UIC|8342281|8306614|Brisighella|Brisighella|29|CET|441314N|114611E|||||IT||||||1
NVS|UIC|8348929|8311735|Cetraro|Cetraro|29|CET|393019N|155642E|||||IT||||||1
NVS|UIC|8349729|8302667|Fossalta di Piave|Fossalta di Piave|29|CET|453726N|123001E|||||IT||||||1
NVS|UIC|8351381|8302673|Gaggio Porta Est|Gaggio Porta Est|29|CET|453242N|121915E|||||IT||||||1
NVS|UIC|8351918|8311753|Pizzo|Pizzo|29|CET|384335N|160901E|||||IT||||||1
NVS|UIC|8354878|8306407|Altopascio|Altopascio|29|CET|434902N|104021E|||||IT||||||1
NVS|UIC|8355138|8305138|Rastignano|Rastignano|29|CET|442635N|112126E|||||IT||||||1
NVS|UIC|8356001|8303018|Venzone|Venzone|29|CET|461945N|130756E|||||IT||||||1
NVS|UIC|8358398|8307010|Spello|Spello|29|CET|425903N|124008E|||||IT||||||1
NVS|UIC|8370318|8306855|Montepulciano|Montepulciano|29|CET|430806N|115124E|||||IT||||||1
NVS|UIC|8372129|8307003|Ellera-Corciano|Ellera-Corciano|29|CET|430540N|121906E|||||IT||||||1
NVS|UIC|8373169|8305132|Monzuno-Vado|Monzuno-Vado|29|CET|441919N|111543E|||||IT||||||1
NVS|UIC|8377969|8307401|Marmore|Marmore|29|CET|423251N|124256E|||||IT||||||1
NVS|UIC|8378449|8306151|Collecchio|Collecchio|29|CET|444518N|101244E|||||IT||||||1
NVS|UIC|8379881|8302832|Basiliano|Basiliano|29|CET|460045N|130636E|||||IT||||||1
NVS|UIC|8381729|8308201|Fabro-Ficulle|Fabro-Ficulle|29|CET|425229N|120229E|||||IT||||||1
NVS|UIC|8386238|8311757|Briatico|Briatico|29|CET|384332N|160131E|||||IT||||||1
NVS|UIC|8386318|8307808|Montesilvano|Montesilvano|29|CET|423059N|140904E|||||IT||||||1
NVS|UIC|8388209|8305133|Grizzana|Grizzana|29|CET|441531N|111052E|||||IT||||||1
NVS|UIC|8388521|8314111|Pisa S. Rossore|Pisa S. Rossore|29|CET|434320N|102315E|||||IT||||||1
NVS|UIC|8388681|8303313|Bivio d'Aurisina|Bivio d'Aurisina|29|CET|454514N|133922E|||||IT||||||1
NVS|UIC|8390529|8306618|Fognano|Fognano|29|CET|441212N|114339E|||||IT||||||1
NVS|UIC|8394361|8303029|Buttrio|Buttrio|29|CET|460044N|131946E|||||IT||||||1
NVS|UIC|8550141|85G0020|Courchavon|Courchavon|29|CET|472616N|070325E|||||CH||||||1
NVS|UIC|8575753|85G2194|Konstanz Hafen(URh)|Konstanz Hafen(URh)|29|CET|000000N|000000E|||||CH||||||1
NVS|UIC|8711230|87G0147|Vitry Le Francois|Vitry Le Francois|29|CET|000000N|000000E|||||FR||||||2
NVS|UIC|8711862|8711862|Laroche Migennes|Laroche Migennes|29|CET|000000N|000000E|||||FR||||||2
NVS|UIC|8714113|87G0159|Blainville Damele|Blainville Damele|29|CET|000000N|000000E|||||FR||||||2
NVS|UIC|8714129|87G0163|Neufchateau|Neufchateau|29|CET|000000N|000000E|||||FR||||||2
NVS|UIC|8714240|87G0171|Merrey|Merrey|29|CET|000000N|000000E|||||FR||||||2
NVS|UIC|8714401|87G0174|St Die|St Die|29|CET|000000N|000000E|||||FR||||||2
NVS|UIC|8714462|87G0181|Raon L Etape|Raon L Etape|29|CET|000000N|000000E|||||FR||||||2
NVS|UIC|8717400|87G0195|Chalons En Champa|Chalons En Champa|29|CET|000000N|000000E|||||FR||||||2
NVS|UIC|8717482|8717482|Suippes|Suippes|29|CET|000000N|000000E|||||FR||||||2
NVS|UIC|8718227|8718227|Ribeauville Gare|Ribeauville Gare|29|CET|000000N|000000E|||||FR||||||2
NVS|UIC|8718239|87G0210|Munster|Munster|29|CET|000000N|000000E|||||FR||||||2
NVS|UIC|8718256|87G0211|Thann|Thann|29|CET|000000N|000000E|||||FR||||||2
NVS|UIC|8718264|87G0212|Kruth|Kruth|29|CET|000000N|000000E|||||FR||||||2
NVS|UIC|8718452|87G0215|Montbeliard|Montbeliard|29|CET|000000N|000000E|||||FR||||||2
NVS|UIC|8718559|87G0218|Luxeuil Les Bains|Luxeuil Les Bains|29|CET|000000N|000000E|||||FR||||||2
NVS|UIC|8719121|87G0225|Knutange Nilvange|Knutange Nilvange|29|CET|000000N|000000E|||||FR||||||2
NVS|UIC|8719314|87G0248|Hargarten Falck|Hargarten Falck|29|CET|000000N|000000E|||||FR||||||2
NVS|UIC|8721363|8774673|Viaduc Ste Marie|Viaduc Ste Marie|29|CET|455349N|064706E|||||FR||||||1
NVS|UIC|8721421|87G0260|Dambach La Ville|Dambach La Ville|29|CET|000000N|000000E|||||FR||||||2
NVS|UIC|8721469|87G0264|Schirmeck La Broq|Schirmeck La Broq|29|CET|000000N|000000E|||||FR||||||2
NVS|UIC|8721485|8721485|Ste Marie Aux Min|Ste Marie Aux Min|29|CET|000000N|000000E|||||FR||||||2
NVS|UIC|8722056|8732179|Ile de Re Les Portes|Ile de Re Les Portes|29|CET|461503N|012953W|||||FR||||||1
NVS|UIC|8724394|8711026|La Bernerie en Retz|La Bernerie en Retz|29|CET|470508N|020148W|||||FR||||||1
NVS|UIC|8725230|8733581|Bourgneuf en Retz Ec|Bourgneuf en Retz Ec|29|CET|470231N|015658W|||||FR||||||1
NVS|UIC|8727934|8732074|Fromentine la Barre|Fromentine la Barre|29|CET|465308N|020717W|||||FR||||||1
NVS|UIC|8728606|87G0283|Hellemes|Hellemes|29|CET|000000N|000000E|||||FR||||||2
NVS|UIC|8734537|8714218|Barges-Cemboing|Barges-Cemboing|29|CET|475144N|055041E|||||FR||||||1
NVS|UIC|8735934|8732076|Noirmoutier en L'ile|Noirmoutier en L'ile|29|CET|470004N|021450W|||||FR||||||1
NVS|UIC|8736163|8733300|Pouzauges Centre|Pouzauges Centre|29|CET|464642N|005028W|||||FR||||||1
NVS|UIC|8738056|8732192|Ile de Re Rivedoux P|Ile de Re Rivedoux P|29|CET|460947N|011653W|||||FR||||||1
NVS|UIC|8741534|87G0392|Glos Montfort|Glos Montfort|29|CET|000000N|000000E|||||FR||||||2
NVS|UIC|8741923|8738992|St Hilaire de R C|St Hilaire de R C|29|CET|464307N|015640W|||||FR||||||1
NVS|UIC|8742537|8711736|Blondefontaine|Blondefontaine|29|CET|475232N|055149E|||||FR||||||1
NVS|UIC|8742937|8771523|Les Granges-Ste-Mari|Les Granges-Ste-Mari|29|CET|464703N|061701E|||||FR||||||1
NVS|UIC|8745256|8732188|Ile de Re Le Bois Pl|Ile de Re Le Bois Pl|29|CET|461121N|012337W|||||FR||||||1
NVS|UIC|8752022|8732070|Le Perrier|Le Perrier|29|CET|464913N|015944W|||||FR||||||1
NVS|UIC|8753256|8732187|Ile de Re La Couarde|Ile de Re La Couarde|29|CET|461139N|012527W|||||FR||||||1
NVS|UIC|8754056|8732183|Ile de Re St Clement|Ile de Re St Clement|29|CET|461345N|013234W|||||FR||||||1
NVS|UIC|8754786|8774672|Vaudagne|Vaudagne|29|CET|455431N|064621E|||||FR||||||1
NVS|UIC|8755306|8733949|Ile d'Oleron Le Chat|Ile d'Oleron Le Chat|29|CET|455314N|011146W|||||FR||||||1
NVS|UIC|8755324|8735935|St Jean Monts Esp de|St Jean Monts Esp de|29|CET|464710N|020346W|||||FR||||||1
NVS|UIC|8755794|8740771|La Croix St Bonnet|La Croix St Bonnet|29|CET|455529N|033013E|||||FR||||||1
NVS|UIC|8755796|8740768|La Chauprillade|La Chauprillade|29|CET|455407N|033107E|||||FR||||||1
NVS|UIC|8756988|8764237|Col de Puberg|Col de Puberg|29|CET|485501N|071908E|||||FR||||||1
NVS|UIC|8757003|8764235|Wingen / Moder (Mair|Wingen / Moder (Mair|29|CET|485509N|072242E|||||FR||||||1
NVS|UIC|8757004|8764236|Rosteig Monument Aux|Rosteig Monument Aux|29|CET|485558N|072013E|||||FR||||||1
NVS|UIC|8757005|8764238|Frohmuhl (Lavoir)|Frohmuhl (Lavoir)|29|CET|485427N|071650E|||||FR||||||1
NVS|UIC|8757006|8765185|Lege Cap Ferret G Ro|Lege Cap Ferret G Ro|29|CET|444743N|010851W|||||FR||||||1
NVS|UIC|8757817|8721329|Bannstein|Bannstein|29|CET|490011N|073010E|||||FR||||||1
NVS|UIC|8758003|8774675|Taconnaz|Taconnaz|29|CET|455357N|064933E|||||FR||||||1
NVS|UIC|8760890|8769985|Malbuisson|Malbuisson|29|CET|464803N|061815E|||||FR||||||1
NVS|UIC|8761256|8761256|Ile de Re La Flotte|Ile de Re La Flotte|29|CET|000000N|000000E|||||FR||||||1
NVS|UIC|8766334|8732072|Bouin|Bouin|29|CET|465814N|020009W|||||FR||||||1
NVS|UIC|8767134|8732071|St Jean de Monts Gar|St Jean de Monts Gar|29|CET|464724N|020339W|||||FR||||||1
NVS|UIC|8768300|87G0516|Sens|Sens|29|CET|000000N|000000E|||||FR||||||2
NVS|UIC|8768324|87G0517|Joigny|Joigny|29|CET|000000N|000000E|||||FR||||||2
NVS|UIC|8768357|87G0523|Auxerre St Gervai|Auxerre St Gervai|29|CET|000000N|000000E|||||FR||||||2
NVS|UIC|8769256|8732194|La Flotte-Port|La Flotte-Port|29|CET|461118N|011945W|||||FR||||||1
NVS|UIC|8769462|87G0528|Montceau Les Mine|Montceau Les Mine|29|CET|000000N|000000E|||||FR||||||2
NVS|UIC|8769468|87G0534|Paray Le Monial|Paray Le Monial|29|CET|000000N|000000E|||||FR||||||2
NVS|UIC|8769632|87G0688|Moulins Sur Allie|Moulins Sur Allie|29|CET|000000N|000000E|||||FR||||||2
NVS|UIC|8769649|87G0689|Cercy La Tour|Cercy La Tour|29|CET|000000N|000000E|||||FR||||||2
NVS|UIC|8769891|8769891|Bourcefranc le Chapu|Bourcefranc le Chapu|29|CET|000000N|000000E|||||FR||||||1
NVS|UIC|8769905|8711737|Raincourt|Raincourt|29|CET|475130N|055252E|||||FR||||||1
NVS|UIC|8769914|8721524|Gosselming|Gosselming|29|CET|484730N|065958E|||||FR||||||1
NVS|UIC|8770056|8732189|Ile de Re St Martin|Ile de Re St Martin|29|CET|461208N|012226W|||||FR||||||1
NVS|UIC|8771354|87G0698|Beaune|Beaune|29|CET|000000N|000000E|||||FR||||||2
NVS|UIC|8771829|87G0720|St Amour|St Amour|29|CET|000000N|000000E|||||FR||||||2
NVS|UIC|8771884|87G0724|Arc Et Senans|Arc Et Senans|29|CET|000000N|000000E|||||FR||||||2
NVS|UIC|8772128|87G0726|St Germain Au Mon|St Germain Au Mon|29|CET|000000N|000000E|||||FR||||||2
NVS|UIC|8772134|87G0731|Villefranche Saon|Villefranche Saon|29|CET|000000N|000000E|||||FR||||||2
NVS|UIC|8772135|87G0734|Belleville Sur Sa|Belleville Sur Sa|29|CET|000000N|000000E|||||FR||||||2
NVS|UIC|8772143|87G0737|L Arbresle|L Arbresle|29|CET|000000N|000000E|||||FR||||||2
NVS|UIC|8772532|8772532|Taize|Taize|29|CET|000000N|000000E|||||FR||||||2
NVS|UIC|8772534|8772534|Cluny|Cluny|29|CET|000000N|000000E|||||FR||||||2
NVS|UIC|8772633|87G0749|Rive De Gier|Rive De Gier|29|CET|000000N|000000E|||||FR||||||2
NVS|UIC|8772688|87G0750|Montrond Les Bain|Montrond Les Bain|29|CET|000000N|000000E|||||FR||||||2
NVS|UIC|8773220|87G0753|St Germain Des Fo|St Germain Des Fo|29|CET|000000N|000000E|||||FR||||||2
NVS|UIC|8773400|87G0754|Clermont Ferrand|Clermont Ferrand|29|CET|000000N|000000E|||||FR||||||2
NVS|UIC|8773405|87G0755|Riom Chatel Guyon|Riom Chatel Guyon|29|CET|000000N|000000E|||||FR||||||2
NVS|UIC|8773445|87G0756|Pont De Dore|Pont De Dore|29|CET|000000N|000000E|||||FR||||||2
NVS|UIC|8773469|87G0757|Le Puy En Velay|Le Puy En Velay|29|CET|000000N|000000E|||||FR||||||2
NVS|UIC|8774172|87G0763|Moutiers Salins B|Moutiers Salins B|29|CET|000000N|000000E|||||FR||||||2
NVS|UIC|8774176|87G0764|Aime La Plagne|Aime La Plagne|29|CET|000000N|000000E|||||FR||||||2
NVS|UIC|8774179|87G0765|Bourg St Mauri|Bourg St Mauri|29|CET|000000N|000000E|||||FR||||||2
NVS|UIC|8774232|87G0770|St Jean De Maurie|St Jean De Maurie|29|CET|000000N|000000E|||||FR||||||2
NVS|UIC|8774363|87G0775|St Claude|St Claude|29|CET|000000N|000000E|||||FR||||||2
NVS|UIC|8774375|87G0776|Tenay Hauteville|Tenay Hauteville|29|CET|000000N|000000E|||||FR||||||2
NVS|UIC|8774527|87G0779|Gex Centre|Gex Centre|29|CET|000000N|000000E|||||FR||||||2
NVS|UIC|8774534|87G0780|Divonne Les Bains|Divonne Les Bains|29|CET|000000N|000000E|||||FR||||||2
NVS|UIC|8774543|8774543|St Julien En Gene|St Julien En Gene|29|CET|000000N|000000E|||||FR||||||2
NVS|UIC|8774740|87G0793|Grenoble U Giere|Grenoble U Giere|29|CET|000000N|000000E|||||FR||||||2
NVS|UIC|8774749|87G0794|Pontcharra Sur Br|Pontcharra Sur Br|29|CET|000000N|000000E|||||FR||||||2
NVS|UIC|8775160|87G0800|L Estaque|L Estaque|29|CET|000000N|000000E|||||FR||||||2
NVS|UIC|8776022|8731656|Vitrey sur Mance|Vitrey sur Mance|29|CET|474943N|054512E|||||FR||||||1
NVS|UIC|8776110|87G0832|St Rambert D'albo|St Rambert D'albo|29|CET|000000N|000000E|||||FR||||||2
NVS|UIC|8776165|87G0834|Romans Bourg De P|Romans Bourg De P|29|CET|000000N|000000E|||||FR||||||2
NVS|UIC|8776171|87G0835|St Marcellin Ise|St Marcellin Ise|29|CET|000000N|000000E|||||FR||||||2
NVS|UIC|8776888|8732406|Lacanau Ocean|Lacanau Ocean|29|CET|450010N|011148W|||||FR||||||1
NVS|UIC|8777025|8715176|Ouge|Ouge|29|CET|474750N|054223E|||||FR||||||1
NVS|UIC|8778056|8732191|Ile de Re Ste Marie|Ile de Re Ste Marie|29|CET|460908N|011844W|||||FR||||||1
NVS|UIC|8778360|87G0851|Mende|Mende|29|CET|000000N|000000E|||||FR||||||2
NVS|UIC|8778554|8721525|Dolving|Dolving|29|CET|484615N|070100E|||||FR||||||1
NVS|UIC|8783134|8732073|Beauvoir sur Mer|Beauvoir sur Mer|29|CET|465504N|020247W|||||FR||||||1
NVS|UIC|8784698|8734698|Ile d'Oleron Dolus|Ile d'Oleron Dolus|29|CET|455441N|011543W|||||FR||||||1
NVS|UIC|8784701|8734701|Ile d'Oleron St Pier|Ile d'Oleron St Pier|29|CET|455648N|011822W|||||FR||||||1
NVS|UIC|8786056|8732862|Ste Pazanne Centre|Ste Pazanne Centre|29|CET|470613N|014833W|||||FR||||||1
NVS|UIC|8788655|8721351|Nantes Centre|Nantes Centre|29|CET|471258N|013253W|||||FR||||||1
NVS|UIC|8789012|8789012|Paris Quai de Bercy|Paris Quai de Bercy|29|CET|000000N|000000E|||||FR||||||1
NVS|UIC|8789923|8721523|St Jean de Bassel|St Jean de Bassel|29|CET|484808N|065926E|||||FR||||||1
NVS|UIC|8790154|8774681|Les Moussoux|Les Moussoux|29|CET|455459N|065131E|||||FR||||||1
NVS|UIC|8793963|8748159|Nort-sur-Erdre|Nort-sur-Erdre|29|CET|472626N|013010W|||||FR||||||1
NVS|UIC|8794056|8732184|Ile de Re Ars en Re|Ile de Re Ars en Re|29|CET|461220N|013124W|||||FR||||||1
NVS|UIC|8795817|8721451|Holtzheim|Holtzheim|29|CET|483319N|073947E|||||FR||||||1
NVS|UIC|8797594|8711025|Moutiers en Retz|Moutiers en Retz|29|CET|470344N|020004W|||||FR||||||1
NVS|UIC|8850020|8864006|Rochefort-Jemelle|Rochefort-Jemelle|29|CET|500937N|051600E|||||BE||||||1
NVS|UIC|8850219|8821311|Kontich-Lint|Kontich-Lint|29|CET|510803N|042835E|||||BE||||||1
NVS|UIC|87GF001|87G0505|GARE FICTIVE 1|GARE FICTIVE 1|29|CET|000000N|000000E|||||DE||||||0
